updated_at,market,code,name,company,manager,created_at,share,type,benchmark,tracking
2023-01-30,Market.CN,000008,嘉实中证500ETF联接A,嘉实基金,何如、李直,2013-03-22,2.929,指数型-股票,中证500指数收益率*95% + 银行活期存款税后利率*5%,中证500指数
2023-01-30,Market.CN,000051,华夏沪深300ETF联接A,华夏基金,张弘弢、赵宗庭,2009-07-10,247.720,指数型-股票,"沪深300指数收益率*95%+1%(指年收益率,评价时应按期间折算)",沪深300指数
2023-01-30,Market.CN,000055,广发纳指100ETF联接美元(QDII)A,广发基金,刘杰,2015-01-16,--,QDII,人民币计价的纳斯达克100总收益指数收益率,该基金无跟踪标的
2023-01-30,Market.CN,000071,华夏恒生ETF联接A,华夏基金,徐猛,2012-08-21,8.547,QDII,经人民币汇率调整的恒生指数收益率×95% +人民币活期存款税后利率×5%,香港恒生指数
2023-01-30,Market.CN,000075,华夏恒生ETF联接现汇,华夏基金,徐猛,2012-08-21,8.547,QDII,经人民币汇率调整的恒生指数收益率×95% +人民币活期存款税后利率×5%,香港恒生指数
2023-01-30,Market.CN,000076,华夏恒生ETF联接现钞,华夏基金,徐猛,2012-08-21,8.547,QDII,经人民币汇率调整的恒生指数收益率×95% +人民币活期存款税后利率×5%,香港恒生指数
2023-01-30,Market.CN,000216,华安黄金易ETF联接A,华安基金,许之彦,2013-08-22,4.109,商品（不含QDII）,国内黄金现货价格收益率×95%+人民币活期存款税后利率×5%,该基金无跟踪标的
2023-01-30,Market.CN,000217,华安黄金易ETF联接C,华安基金,许之彦,2013-08-22,4.109,商品（不含QDII）,国内黄金现货价格收益率×95%+人民币活期存款税后利率×5%,该基金无跟踪标的
2023-01-30,Market.CN,000218,国泰黄金ETF联接A,国泰基金,艾小军,2016-04-13,4.096,商品（不含QDII）,上海黄金交易所挂盘交易的Au99.99合约收益率×95%+银行活期存款税后收益率×5%,该基金无跟踪标的
2023-01-30,Market.CN,000248,汇添富中证主要消费ETF联接A,汇添富基金,过蓓蓓,2015-03-24,37.421,指数型-股票,中证主要消费指数收益率*95%+银行活期存款利率(税后)*5%,中证主要消费指数
2023-01-30,Market.CN,000307,易方达黄金ETF联接A,易方达基金,FAN BING(范冰),2016-05-26,7.560,商品（不含QDII）,上海黄金交易所Au99.99现货实盘合约收盘价计算的收益率×95%+活期存款利率(税后)×5%,该基金无跟踪标的
2023-01-30,Market.CN,000373,华安中证细分医药ETF联接A,华安基金,苏卿云,2014-11-28,4.335,指数型-股票,95%×中证细分医药产业主题指数收益率+5%×商业银行税后活期存款利率,细分医药
2023-01-30,Market.CN,000376,华安中证细分医药ETF联接C,华安基金,苏卿云,2014-11-28,4.335,指数型-股票,95%×中证细分医药产业主题指数收益率+5%×商业银行税后活期存款利率,细分医药
2023-01-30,Market.CN,000613,国寿安保沪深300ETF联接,国寿安保基金,李康,2014-06-05,51.301,指数型-股票,沪深300指数收益率×95%+银行活期存款利率(税后)×5%,沪深300指数
2023-01-30,Market.CN,000948,华夏沪港通恒生ETF联接A,华夏基金,李俊,2015-01-13,5.613,指数型-股票,经估值汇率调整的标的指数收益率×95%+人民币活期存款税后利率×5%,香港恒生指数
2023-01-30,Market.CN,000961,天弘沪深300ETF联接A,天弘基金,陈瑶,2015-01-20,0.102,指数型-股票,沪深300指数收益率×95%+银行活期存款利率(税后)×5%,沪深300指数
2023-01-30,Market.CN,000962,天弘中证500ETF联接A,天弘基金,陈瑶,2015-01-20,0.100,指数型-股票,中证500指数收益率×95%+银行活期存款利率(税后)×5%,中证500指数
2023-01-30,Market.CN,001051,华夏上证50ETF联接A,华夏基金,徐猛,2015-03-17,8.992,指数型-股票,上证50指数收益率×95%+人民币活期存款税后利率×5%,上证50指数
2023-01-30,Market.CN,001052,华夏中证500ETF联接A,华夏基金,荣膺,2015-05-05,16.392,指数型-股票,中证500指数收益率*95%+人民币活期存款税后利率*5%,中证500指数
2023-01-30,Market.CN,001064,广发中证环保ETF联接A,广发基金,霍华明,2015-03-25,27.909,指数型-股票,95%×中证环保产业指数收益率+5%×银行活期存款利率(税后),中证环保产业指数
2023-01-30,Market.CN,001214,华泰柏瑞中证500ETF联接A,华泰柏瑞基金,柳军,2015-05-13,6.619,指数型-股票,95%*中证500指数收益率+5%*银行活期存款利率(税后),中证500指数
2023-01-30,Market.CN,001237,博时上证50ETF联接A,博时基金,赵云阳,2015-05-27,2.494,指数型-股票,上证50指数收益率×95%+银行活期存款税后利率×5%,上证50指数
2023-01-30,Market.CN,001241,国寿安保中证500ETF联接,国寿安保基金,苏天醒,2015-05-29,4.129,指数型-股票,中证500指数收益率×95%+银行活期存款利率(税后)×5%,中证500指数
2023-01-30,Market.CN,001361,景顺中证科技传媒通信150ETF联接,景顺长城基金,张晓南,2015-06-15,12.807,指数型-股票,95%×中证TMT150指数收益率+5%×银行活期存款利率(税后),中证科技传媒通信150指数
2023-01-30,Market.CN,001455,景顺长城中证500ETF联接,景顺长城基金,张晓南,2015-06-29,2.139,指数型-股票,95%×中证500指数收益率+5%×银行活期存款利率(税后),中证500指数
2023-01-30,Market.CN,001539,嘉实中证金融地产ETF联接A,嘉实基金,张钟玉,2015-08-06,2.351,指数型-股票,中证金融地产指数收益率*95% + 银行活期存款税后利率*5%,中证金融地产指数
2023-01-30,Market.CN,001592,天弘创业板ETF联接基金A,天弘基金,林心龙,2015-07-08,0.100,指数型-股票,创业板指数收益率×95%+银行活期存款利率(税后)×5%,创业板指数(价格)
2023-01-30,Market.CN,001593,天弘创业板ETF联接基金C,天弘基金,林心龙,2015-07-08,0.100,指数型-股票,创业板指数收益率×95%+银行活期存款利率(税后)×5%,创业板指数(价格)
2023-01-30,Market.CN,001594,天弘中证银行ETF联接A,天弘基金,陈瑶,2015-07-08,0.100,指数型-股票,中证银行指数收益率*95%+银行活期存款利率(税后)*5%,中证银行指数
2023-01-30,Market.CN,001595,天弘中证银行ETF联接C,天弘基金,陈瑶,2015-07-08,0.100,指数型-股票,中证银行指数收益率*95%+银行活期存款利率(税后)*5%,中证银行指数
2023-01-30,Market.CN,001617,天弘中证电子ETF联接A,天弘基金,林心龙,2015-07-29,0.100,指数型-股票,中证电子指数收益率×95%+银行活期存款利率(税后)×5%,中证电子指数
2023-01-30,Market.CN,001618,天弘中证电子ETF联接C,天弘基金,林心龙,2015-07-29,0.100,指数型-股票,中证电子指数收益率×95%+银行活期存款利率(税后)×5%,中证电子指数
2023-01-30,Market.CN,001629,天弘中证计算机ETF联接A,天弘基金,林心龙,2015-07-29,0.100,指数型-股票,中证计算机指数收益率×95%+银行活期存款利率(税后)×5%,中证计算机主题指数
2023-01-30,Market.CN,001630,天弘中证计算机ETF联接C,天弘基金,林心龙,2015-07-29,0.100,指数型-股票,中证计算机指数收益率×95%+银行活期存款利率(税后)×5%,中证计算机主题指数
2023-01-30,Market.CN,001631,天弘中证食品饮料ETF联接A,天弘基金,沙川,2015-07-29,0.100,指数型-股票,中证食品饮料指数收益率×95%+银行活期存款利率(税后)×5%,中证食品饮料指数
2023-01-30,Market.CN,001632,天弘中证食品饮料ETF联接C,天弘基金,沙川,2015-07-29,0.100,指数型-股票,中证食品饮料指数收益率×95%+银行活期存款利率(税后)×5%,中证食品饮料指数
2023-01-30,Market.CN,002610,博时黄金ETF联接A,博时基金,赵云阳、王祥,2016-05-27,2.200,商品（不含QDII）,上海黄金交易所AU99.99收益率×95%+银行活期存款税后利率×5%,该基金无跟踪标的
2023-01-30,Market.CN,002611,博时黄金ETF联接C,博时基金,赵云阳、王祥,2016-05-27,2.200,商品（不含QDII）,上海黄金交易所AU99.99收益率×95%+银行活期存款税后利率×5%,该基金无跟踪标的
2023-01-30,Market.CN,002656,南方创业板ETF联接A,南方基金,孙伟,2016-05-20,2.926,指数型-股票,创业板指数×95%+银行人民币活期存款利率(税后)×5%,创业板指数(价格)
2023-01-30,Market.CN,002903,广发中证500ETF联接C,广发基金,刘杰,2016-06-15,--,指数型-股票,95%×中证500指数收益率+5%×银行活期存款利率(税后),中证500指数
2023-01-30,Market.CN,002963,易方达黄金ETF联接C,易方达基金,FAN BING(范冰),2016-07-01,--,商品（不含QDII）,上海黄金交易所Au99.99现货实盘合约收盘价计算的收益率×95%+活期存款利率(税后)×5%,该基金无跟踪标的
2023-01-30,Market.CN,002984,广发中证环保ETF联接C,广发基金,霍华明,2016-07-06,--,指数型-股票,中证环保产业指数,中证环保产业指数
2023-01-30,Market.CN,002987,广发沪深300ETF联接C,广发基金,刘杰,2016-07-06,--,指数型-股票,95%×沪深300指数收益率+5%×银行活期存款利率(税后),沪深300指数
2023-01-30,Market.CN,003017,广发中证军工ETF联接A,广发基金,霍华明,2016-09-26,0.481,指数型-股票,中证军工指数收益率*95%+银行活期存款利率(税后)*5%,中证军工指数
2023-01-30,Market.CN,003194,汇添富中证上海国企ETF联接,汇添富基金,董瑾,2016-09-18,22.544,指数型-股票,中证上海国企指数收益率×95%+银行人民币活期存款利率(税后)×5%,中证上海国企指数
2023-01-30,Market.CN,003765,广发创业板ETF联接A,广发基金,刘杰,2017-05-25,0.256,指数型-股票,95%×创业板指数收益率+5%×银行活期存款利率(税后),创业板指数(价格)
2023-01-30,Market.CN,003766,广发创业板ETF联接C,广发基金,刘杰,2017-05-25,0.256,指数型-股票,95%×创业板指数收益率+5%×银行活期存款利率(税后),创业板指数(价格)
2023-01-30,Market.CN,004069,南方中证全指证券公司ETF联接A,南方基金,孙伟,2017-03-08,3.225,指数型-股票,中证全指证券公司指数收益率×95%+银行人民币活期存款利率(税后)×5%,中证全指证券公司指数
2023-01-30,Market.CN,004070,南方中证全指证券公司ETF联接C,南方基金,孙伟,2017-03-08,3.225,指数型-股票,中证全指证券公司指数收益率×95%+银行人民币活期存款利率(税后)×5%,中证全指证券公司指数
2023-01-30,Market.CN,004253,国泰黄金ETF联接C,国泰基金,艾小军,2017-05-02,--,商品（不含QDII）,上海黄金交易所挂盘交易的Au99.99合约收益率×95%+银行活期存款税后收益率×5%,该基金无跟踪标的
2023-01-30,Market.CN,004343,南方创业板ETF联接C,南方基金,孙伟,2017-02-23,--,指数型-股票,创业板指数×95%+银行人民币活期存款利率(税后)×5%,创业板指数(价格)
2023-01-30,Market.CN,004345,南方深证成份ETF联接C,南方基金,孙伟,2017-02-23,--,指数型-股票,深证成份指数收益率×95%+银行活期存款利率(税后)×5%,深证成份指数(价格)
2023-01-30,Market.CN,004346,南方小康ETF联接C,南方基金,龚涛,2017-02-23,--,指数型-股票,中证南方小康产业指数收益率×95%+银行活期存款利率(税后)×5%,中证南方小康产业指数
2023-01-30,Market.CN,004348,南方中证500ETF联接C,南方基金,罗文杰,2017-02-23,--,指数型-股票,中证500指数收益率×95%+银行活期存款利率(税后)×5%,中证500指数
2023-01-30,Market.CN,004407,招商上证消费80ETF联接C,招商基金,许荣漫,2017-03-01,--,指数型-股票,上证消费80指数收益率×95%+商业银行活期存款利率(税后)×5%,消费80
2023-01-30,Market.CN,004409,招商深证TMT50ETF联接C,招商基金,苏燕青、刘重杰,2017-02-23,--,指数型-股票,深证TMT50指数收益率×95%+商业银行活期存款利率(税后)×5%,深证电子信息传媒产业50指数
2023-01-30,Market.CN,004432,南方有色金属ETF联接A,南方基金,崔蕾,2017-09-08,0.259,指数型-股票,中证申万有色金属指数收益率×95%+银行人民币活期存款利率(税后)×5%,有色金属
2023-01-30,Market.CN,004433,南方有色金属ETF联接C,南方基金,崔蕾,2017-09-08,0.259,指数型-股票,中证申万有色金属指数收益率×95%+银行人民币活期存款利率(税后)×5%,有色金属
2023-01-30,Market.CN,004488,嘉实富时中国A50ETF联接A,嘉实基金,刘珈吟,2017-06-29,3.347,指数型-股票,富时中国A50指数收益率×95% + 银行活期存款税后利率×5%,富时中国A50指数
2023-01-30,Market.CN,004597,南方银行ETF联接A,南方基金,孙伟,2017-06-29,0.159,指数型-股票,中证银行指数收益率×95%+银行人民币活期存款利率(税后)×5%,中证银行指数
2023-01-30,Market.CN,004598,南方银行ETF联接C,南方基金,孙伟,2017-06-29,0.159,指数型-股票,中证银行指数收益率×95%+银行人民币活期存款利率(税后)×5%,中证银行指数
2023-01-30,Market.CN,004642,南方房地产ETF联接A,南方基金,罗文杰,2017-08-24,0.172,指数型-股票,中证全指房地产指数×95%+银行人民币活期存款利率(税后)×5%,中证全指房地产指数
2023-01-30,Market.CN,004643,南方房地产ETF联接C,南方基金,罗文杰,2017-08-24,0.172,指数型-股票,中证全指房地产指数×95%+银行人民币活期存款利率(税后)×5%,中证全指房地产指数
2023-01-30,Market.CN,004742,易方达深证100ETF联接C,易方达基金,成曦、刘树荣,2017-06-02,--,指数型-股票,深证100价格指数收益率×95%+活期存款利率(税后)×5%,深证100指数(价格)
2023-01-30,Market.CN,004743,易方达上证中盘ETF联接C,易方达基金,刘树荣,2017-06-02,--,指数型-股票,上证中盘指数收益率X95%+活期存款利率(税后)X5%,上证中盘
2023-01-30,Market.CN,004744,易方达创业板ETF联接C,易方达基金,成曦、刘树荣,2017-06-02,--,指数型-股票,创业板指数收益率×95%+活期存款利率(税后)×5%,创业板指数(价格)
2023-01-30,Market.CN,004752,广发中证传媒ETF联接A,广发基金,罗国庆,2018-01-02,0.160,指数型-股票,中证传媒指数收益率*95%+银行活期存款利率(税后)*5%,中证传媒指数
2023-01-30,Market.CN,004753,广发中证传媒ETF联接C,广发基金,罗国庆,2018-01-02,0.160,指数型-股票,中证传媒指数收益率*95%+银行活期存款利率(税后)*5%,中证传媒指数
2023-01-30,Market.CN,005063,广发中证全指家用电器ETF联接A,广发基金,陆志明,2017-09-13,0.348,指数型-股票,中证全指家用电器指数收益率*95%+银行活期存款利率(税后)*5%,中证全指家用电器指数
2023-01-30,Market.CN,005064,广发中证全指家用电器ETF联接C,广发基金,陆志明,2017-09-13,0.348,指数型-股票,中证全指家用电器指数收益率*95%+银行活期存款利率(税后)*5%,中证全指家用电器指数
2023-01-30,Market.CN,005102,工银沪深300ETF联接A,工银瑞信基金,刘伟琳,2019-08-21,6.767,指数型-股票,沪深300指数收益率×95%+银行人民币活期存款利率(税后)×5%,沪深300指数
2023-01-30,Market.CN,005103,工银沪深300ETF联接C,工银瑞信基金,刘伟琳,2019-08-21,6.767,指数型-股票,沪深300指数收益率×95%+银行人民币活期存款利率(税后)×5%,沪深300指数
2023-01-30,Market.CN,005107,广发添利货币ETFB,广发基金,温秀娟、周卓熙、曾雪兰,2017-08-22,--,货币型,人民币活期存款利率(税后),该基金无跟踪标的
2023-01-30,Market.CN,005223,广发中证基建工程ETF联接A,广发基金,霍华明,2018-02-01,2.841,指数型-股票,中证基建工程指数收益率*95%+银行活期存款利率(税后)*5%,中证基建工程指数
2023-01-30,Market.CN,005224,广发中证基建工程ETF联接C,广发基金,霍华明,2018-02-01,2.841,指数型-股票,中证基建工程指数收益率*95%+银行活期存款利率(税后)*5%,中证基建工程指数
2023-01-30,Market.CN,005229,嘉实富时中国A50ETF联接C,嘉实基金,刘珈吟,2018-02-05,--,指数型-股票,富时中国A50指数收益率×95% + 银行活期存款税后利率×5%,富时中国A50指数
2023-01-30,Market.CN,005390,工银创业板ETF联接A,工银瑞信基金,赵栩,2018-03-21,5.339,指数型-股票,创业板指数收益率×95%+银行人民币活期存款利率(税后)×5%,创业板指数(价格)
2023-01-30,Market.CN,005391,工银创业板ETF联接C,工银瑞信基金,赵栩,2018-03-21,5.339,指数型-股票,创业板指数收益率×95%+银行人民币活期存款利率(税后)×5%,创业板指数(价格)
2023-01-30,Market.CN,005639,平安300ETF联接A,平安基金,成钧,2018-04-04,6.294,指数型-股票,沪深300指数收益率×95%+银行人民币活期存款利率(税后)×5%,沪深300指数
2023-01-30,Market.CN,005640,平安300ETF联接C,平安基金,成钧,2018-04-04,6.294,指数型-股票,沪深300指数收益率×95%+银行人民币活期存款利率(税后)×5%,沪深300指数
2023-01-30,Market.CN,005658,华夏沪深300ETF联接C,华夏基金,张弘弢、赵宗庭,2018-02-02,--,指数型-股票,"沪深300指数收益率*95%+1%(指年收益率,评价时应按期间折算)",沪深300指数
2023-01-30,Market.CN,005659,南方恒指ETF联接C,南方基金,罗文杰,2018-03-09,--,指数型-股票,恒生指数收益率×95%+人民币活期存款税后利率×5%,香港恒生指数
2023-01-30,Market.CN,005675,易方达恒生国企ETF联接C,易方达基金,余海燕、成曦,2018-02-09,--,QDII,恒生中国企业指数(使用估值汇率折算)收益率×95%+活期存款利率(税后)×5%,恒生中国企业指数
2023-01-30,Market.CN,005693,广发中证军工ETF联接C,广发基金,霍华明,2018-02-13,--,指数型-股票,中证军工指数收益率*95%+银行活期存款利率(税后)*5%,中证军工指数
2023-01-30,Market.CN,005727,嘉实中创400ETF联接C,嘉实基金,田光远,2018-03-06,--,指数型-股票,中创400指数收益率×95%+银行活期存款税后利率×5%,中小创业企业400指数
2023-01-30,Market.CN,005733,华夏上证50ETF联接C,华夏基金,徐猛,2018-03-08,--,指数型-股票,上证50指数收益率×95%+人民币活期存款税后利率×5%,上证50指数
2023-01-30,Market.CN,005734,华夏沪港通恒生ETF联接C,华夏基金,李俊,2018-03-08,--,指数型-股票,经估值汇率调整的标的指数收益率×95%+人民币活期存款税后利率×5%,香港恒生指数
2023-01-30,Market.CN,005737,博时上证50ETF联接C,博时基金,赵云阳,2018-03-21,--,指数型-股票,上证50指数收益率×95%+银行活期存款税后利率×5%,上证50指数
2023-01-30,Market.CN,005761,招商MSCI中国A股国际ETF联接A,招商基金,白海峰、王超,2018-04-13,49.170,指数型-股票,MSCI中国A股国际通指数收益率*95%+银行人民币活期存款利率(税后)*5%,该基金无跟踪标的
2023-01-30,Market.CN,005762,招商MSCI中国A股国际ETF联接C,招商基金,白海峰、王超,2018-04-13,49.170,指数型-股票,MSCI中国A股国际通指数收益率*95%+银行人民币活期存款利率(税后)*5%,该基金无跟踪标的
2023-01-30,Market.CN,005813,华安CES港股通ETF联接A,华安基金,倪斌,2018-05-30,2.754,指数型-股票,95%×中华交易服务港股通精选100指数收益率(经汇率调整)+5%×商业银行税后活期存款利率,中华港股通精选100指数
2023-01-30,Market.CN,005814,华安CES港股通ETF联接C,华安基金,倪斌,2018-05-30,2.754,指数型-股票,95%×中华交易服务港股通精选100指数收益率(经汇率调整)+5%×商业银行税后活期存款利率,中华港股通精选100指数
2023-01-30,Market.CN,005868,平安MSCI中国A股ETF联接A,平安基金,成钧,2018-06-21,2.238,指数型-股票,MSCI中国A股国际指数(MSCI China A International Index)收益率×95%+银行人民币活期存款利率(税后)×5%,MSCI中国A股国际指数
2023-01-30,Market.CN,005869,平安MSCI中国A股ETF联接C,平安基金,成钧,2018-06-21,2.238,指数型-股票,MSCI中国A股国际指数(MSCI China A International Index)收益率×95%+银行人民币活期存款利率(税后)×5%,MSCI中国A股国际指数
2023-01-30,Market.CN,005873,建信创业板ETF联接A,建信基金,葛鲁禹,2018-06-13,0.531,指数型-股票,创业板指数收益率*95%+银行人民币活期存款税后利率*5%,创业板指数(价格)
2023-01-30,Market.CN,005874,建信创业板ETF联接C,建信基金,葛鲁禹,2018-06-13,0.531,指数型-股票,创业板指数收益率*95%+银行人民币活期存款税后利率*5%,创业板指数(价格)
2023-01-30,Market.CN,005880,建信上证50ETF发起联接A,建信基金,薛玲,2018-10-25,0.576,指数型-股票,上证50指数收益率*95%+银行活期存款税后利率*5%,上证50指数
2023-01-30,Market.CN,005881,建信上证50ETF发起联接C,建信基金,薛玲,2018-10-25,0.576,指数型-股票,上证50指数收益率*95%+银行活期存款税后利率*5%,上证50指数
2023-01-30,Market.CN,005918,天弘沪深300ETF联接C,天弘基金,陈瑶,2018-04-24,--,指数型-股票,沪深300指数收益率×95%+银行活期存款利率(税后)×5%,沪深300指数
2023-01-30,Market.CN,005919,天弘中证500ETF联接C,天弘基金,陈瑶,2018-04-24,--,指数型-股票,中证500指数收益率×95%+银行活期存款利率(税后)×5%,中证500指数
2023-01-30,Market.CN,005999,嘉实中证金融地产ETF联接C,嘉实基金,张钟玉,2018-06-15,--,指数型-股票,中证金融地产指数收益率*95% + 银行活期存款税后利率*5%,中证金融地产指数
2023-01-30,Market.CN,006075,博时标普500ETF联接C,博时基金,万琼,2018-06-07,--,QDII,经人民币汇率调整的标的指数收益率*95%+人民币活期存款税后利率*5%,标准普尔500指数
2023-01-30,Market.CN,006087,华泰柏瑞中证500ETF联接C,华泰柏瑞基金,柳军,2018-06-13,--,指数型-股票,95%*中证500指数收益率+5%*银行活期存款利率(税后),中证500指数
2023-01-30,Market.CN,006098,华宝券商ETF联接A,华宝基金,丰晨成、胡洁,2018-06-27,0.107,指数型-股票,中证全指证券公司指数收益率×95%+人民币银行活期存款利率(税后)×5%,中证全指证券公司指数
2023-01-30,Market.CN,006119,银华中证央企结构调整ETF联接,银华基金,周大鹏,2018-11-15,3.500,指数型-股票,中证央企结构调整指数收益率×95%+银行活期存款利率(税后)×5%,中证央企结构调整指数
2023-01-30,Market.CN,006129,华安中证500低波ETF联接A,华安基金,苏卿云,2019-01-15,3.867,指数型-股票,中证500行业中性低波动指数收益率×95%+商业银行税后活期存款利率×5%,中证500行业中性低波动指数
2023-01-30,Market.CN,006130,华安中证500低波ETF联接C,华安基金,苏卿云,2019-01-15,3.867,指数型-股票,中证500行业中性低波动指数收益率×95%+商业银行税后活期存款利率×5%,中证500行业中性低波动指数
2023-01-30,Market.CN,006131,华泰柏瑞沪深300ETF联接C,华泰柏瑞基金,柳军,2018-07-02,--,指数型-股票,沪深300指数×95%+银行活期存款税后收益率×5%,沪深300指数
2023-01-30,Market.CN,006196,华夏中证央企ETF联接A,华夏基金,严筱娴,2018-11-14,44.229,指数型-股票,中证央企结构调整指数收益率*95%+银行活期存款利率(税后)*5%,中证央企结构调整指数
2023-01-30,Market.CN,006197,华夏中证央企ETF联接C,华夏基金,严筱娴,2018-11-14,44.229,指数型-股票,中证央企结构调整指数收益率*95%+银行活期存款利率(税后)*5%,中证央企结构调整指数
2023-01-30,Market.CN,006214,平安500ETF联接A,平安基金,成钧,2018-09-05,2.639,指数型-股票,中证500指数收益率×95%+银行人民币活期存款利率(税后)×5%,中证500指数
2023-01-30,Market.CN,006215,平安500ETF联接C,平安基金,成钧,2018-09-05,2.639,指数型-股票,中证500指数收益率×95%+银行人民币活期存款利率(税后)×5%,中证500指数
2023-01-30,Market.CN,006220,工银上证50ETF联接A,工银瑞信基金,赵栩,2018-12-25,6.188,指数型-股票,上证50指数收益率×95%+银行人民币活期存款利率(税后)×5%,上证50指数
2023-01-30,Market.CN,006221,工银上证50ETF联接C,工银瑞信基金,赵栩,2018-12-25,6.188,指数型-股票,上证50指数收益率×95%+银行人民币活期存款利率(税后)×5%,上证50指数
2023-01-30,Market.CN,006248,华夏创业板ETF联接A,华夏基金,严筱娴,2018-08-14,0.116,指数型-股票,创业板指数收益率×95%+人民币活期存款税后利率×5%,创业板指数(价格)
2023-01-30,Market.CN,006249,华夏创业板ETF联接C,华夏基金,严筱娴,2018-08-14,0.116,指数型-股票,创业板指数收益率×95%+人民币活期存款税后利率×5%,创业板指数(价格)
2023-01-30,Market.CN,006327,易方达中证海外50ETF联接人民币A,易方达基金,余海燕、FAN BING(范冰),2019-01-18,4.359,QDII,中证海外中国互联网50指数收益率×95%+活期存款利率(税后) ×5%,中证海外中国互联网50人民币指数
2023-01-30,Market.CN,006328,易方达中证海外50ETF联接人民币C,易方达基金,余海燕、FAN BING(范冰),2019-01-18,4.359,QDII,中证海外中国互联网50指数收益率×95%+活期存款利率(税后) ×5%,中证海外中国互联网50人民币指数
2023-01-30,Market.CN,006329,易方达中证海外50ETF联接美元A,易方达基金,余海燕、FAN BING(范冰),2019-01-18,4.359,QDII,中证海外中国互联网50指数收益率×95%+活期存款利率(税后) ×5%,中证海外中国互联网50人民币指数
2023-01-30,Market.CN,006330,易方达中证海外50ETF联接美元C,易方达基金,余海燕、FAN BING(范冰),2019-01-18,4.359,QDII,中证海外中国互联网50指数收益率×95%+活期存款利率(税后) ×5%,中证海外中国互联网50人民币指数
2023-01-30,Market.CN,006363,建信深证基本面60ETF联接C,建信基金,薛玲,2018-09-04,--,指数型-股票,95%×深证基本面60指数收益率+5%×商业银行活期存款利率,深证基本面60指数
2023-01-30,Market.CN,006381,华夏恒生ETF联接C,华夏基金,徐猛,2018-09-19,--,QDII,经人民币汇率调整的恒生指数收益率×95% +人民币活期存款税后利率×5%,香港恒生指数
2023-01-30,Market.CN,006382,华夏中证500ETF联接C,华夏基金,荣膺,2018-09-19,--,指数型-股票,中证500指数收益率*95%+人民币活期存款税后利率*5%,中证500指数
2023-01-30,Market.CN,006438,博时央调ETF联接A,博时基金,赵云阳,2018-11-14,7.019,指数型-股票, 中证央企结构调整指数收益率×95%+银行活期存款税后利率×5%,中证央企结构调整指数
2023-01-30,Market.CN,006439,博时央调ETF联接C,博时基金,赵云阳,2018-11-14,7.019,指数型-股票, 中证央企结构调整指数收益率×95%+银行活期存款税后利率×5%,中证央企结构调整指数
2023-01-30,Market.CN,006479,广发纳指100ETF联接人民币(QDII)C,广发基金,刘杰,2018-10-25,--,QDII,人民币计价的纳斯达克100总收益指数收益率,该基金无跟踪标的
2023-01-30,Market.CN,006480,广发纳指100ETF联接美元(QDII)C,广发基金,刘杰,2018-10-25,--,QDII,人民币计价的纳斯达克100总收益指数收益率,该基金无跟踪标的
2023-01-30,Market.CN,006486,广发中证1000ETF联接A,广发基金,陆志明,2018-11-02,0.197,指数型-股票,中证1000指数收益率*95%+银行活期存款利率(税后)*5%,中证1000指数
2023-01-30,Market.CN,006487,广发中证1000ETF联接C,广发基金,陆志明,2018-11-02,0.197,指数型-股票,中证1000指数收益率*95%+银行活期存款利率(税后)*5%,中证1000指数
2023-01-30,Market.CN,006656,方正富邦中证500ETF联接A,方正富邦基金,于润泽,2019-03-26,2.216,指数型-股票,中证500指数收益率×95%+银行人民币活期存款利率(税后)×5%,中证500指数
2023-01-30,Market.CN,006657,方正富邦中证500ETF联接C,方正富邦基金,于润泽,2019-03-26,2.216,指数型-股票,中证500指数收益率×95%+银行人民币活期存款利率(税后)×5%,中证500指数
2023-01-30,Market.CN,006687,方正富邦深证100ETF联接A,方正富邦基金,于润泽,2019-01-24,2.602,指数型-股票,深证100价格指数收益率×95%+银行人民币活期存款利率(税后)×5%,深证100指数(价格)
2023-01-30,Market.CN,006688,方正富邦深证100ETF联接C,方正富邦基金,于润泽,2019-01-24,2.602,指数型-股票,深证100价格指数收益率×95%+银行人民币活期存款利率(税后)×5%,深证100指数(价格)
2023-01-30,Market.CN,006697,华宝中证银行ETF联接C,华宝基金,胡洁,2018-11-27,--,指数型-股票,中证银行指数收益率×95%+银行活期存款利率(税后)×5%,中证银行指数
2023-01-30,Market.CN,006724,工银深证红利ETF联接C,工银瑞信基金,赵栩,2019-05-22,--,指数型-股票,深证红利价格指数收益率×95%+银行活期存款税后收益率×5%,深证红利指数
2023-01-30,Market.CN,006733,博时创业板ETF联接C,博时基金,尹浩,2018-12-10,--,指数型-股票,创业板指数收益率×95%+银行活期存款税后利率×5%,创业板指数(价格)
2023-01-30,Market.CN,006743,中融央视财经50ETF联接A,中融基金,赵菲、陈薪羽,2019-03-20,9.080,指数型-股票,央视财经50指数收益率×95%+银行活期存款利率(税后)×5%,央视财经50指数
2023-01-30,Market.CN,006744,中融央视财经50ETF联接C,中融基金,赵菲、陈薪羽,2019-03-20,9.080,指数型-股票,央视财经50指数收益率×95%+银行活期存款利率(税后)×5%,央视财经50指数
2023-01-30,Market.CN,006748,富国中证价值ETF联接A,富国基金,曹璐迪,2018-12-25,2.559,指数型-股票,中证国信价值指数收益率×95%+银行活期存款利率(税后)×5%,中证国信价值指数
2023-01-30,Market.CN,006756,国泰中证生物医药ETF联接A,国泰基金,梁杏、黄岳,2019-04-16,3.428,指数型-股票,中证生物医药指数收益率*95%+银行活期存款利率(税后)*5%,中证生物医药指数
2023-01-30,Market.CN,006757,国泰中证生物医药ETF联接C,国泰基金,梁杏、黄岳,2019-04-16,3.428,指数型-股票,中证生物医药指数收益率*95%+银行活期存款利率(税后)*5%,中证生物医药指数
2023-01-30,Market.CN,006909,华夏战略新兴成指ETF联接A,华夏基金,余昊,2019-06-05,2.914,指数型-股票,中国战略新兴产业成份指数指数收益率×95%+人民币活期存款税后利率×5%,中国战略新兴产业成份指数
2023-01-30,Market.CN,006910,华夏战略新兴成指ETF联接C,华夏基金,余昊,2019-06-05,2.914,指数型-股票,中国战略新兴产业成份指数指数收益率×95%+人民币活期存款税后利率×5%,中国战略新兴产业成份指数
2023-01-30,Market.CN,007028,易方达中证500ETF联接A,易方达基金,余海燕、庞亚平,2019-03-20,19.858,指数型-股票,中证500指数收益率×95%+活期存款利率(税后)×5%,中证500指数
2023-01-30,Market.CN,007029,易方达中证500ETF联接C,易方达基金,余海燕、庞亚平,2019-03-20,19.858,指数型-股票,中证500指数收益率×95%+活期存款利率(税后)×5%,中证500指数
2023-01-30,Market.CN,007076,汇添富中证医药ETF联接A,汇添富基金,过蓓蓓,2019-03-26,6.187,指数型-股票,中证医药卫生指数收益率×95%+银行人民币活期存款利率(税后)×5%,中证医药卫生指数
2023-01-30,Market.CN,007077,汇添富中证医药ETF联接C,汇添富基金,过蓓蓓,2019-03-26,6.187,指数型-股票,中证医药卫生指数收益率×95%+银行人民币活期存款利率(税后)×5%,中证医药卫生指数
2023-01-30,Market.CN,007135,广发中证100ETF联接A,广发基金,罗国庆,2019-05-27,0.797,指数型-股票,中证100指数收益率*95%+银行活期存款利率(税后)*5%,中证100指数
2023-01-30,Market.CN,007136,广发中证100ETF联接C,广发基金,罗国庆,2019-05-27,0.797,指数型-股票,中证100指数收益率*95%+银行活期存款利率(税后)*5%,中证100指数
2023-01-30,Market.CN,007153,汇添富中证银行ETF联接A,汇添富基金,乐无穹,2019-04-15,4.969,指数型-股票,中证银行指数收益率×95%+银行人民币活期存款利率(税后)×5%,中证银行指数
2023-01-30,Market.CN,007154,汇添富中证银行ETF联接C,汇添富基金,乐无穹,2019-04-15,4.969,指数型-股票,中证银行指数收益率×95%+银行人民币活期存款利率(税后)×5%,中证银行指数
2023-01-30,Market.CN,007191,富国中证价值ETF联接C,富国基金,曹璐迪,2019-04-02,--,指数型-股票,中证国信价值指数收益率×95%+银行活期存款利率(税后)×5%,中证国信价值指数
2023-01-30,Market.CN,007223,工银中证500ETF联接C,工银瑞信基金,赵栩,2020-02-18,--,指数型-股票,中证500指数收益率×95%+银行人民币活期存款利率(税后)×5%,中证500指数
2023-01-30,Market.CN,007300,国联安中证半导体ETF联接A,国联安基金,黄欣、章椹元,2019-06-26,2.118,指数型-股票,中证全指半导体产品与设备指数收益率×95%+银行活期存款利率(税后)×5%,中证全指半导体产品与设备指数
2023-01-30,Market.CN,007301,国联安中证半导体ETF联接C,国联安基金,黄欣、章椹元,2019-06-26,2.118,指数型-股票,中证全指半导体产品与设备指数收益率×95%+银行活期存款利率(税后)×5%,中证全指半导体产品与设备指数
2023-01-30,Market.CN,007339,易方达沪深300ETF联接C,易方达基金,余海燕、庞亚平,2019-04-25,--,指数型-股票,沪深300指数收益率×95%+活期存款利率(税后)×5%,沪深300指数
2023-01-30,Market.CN,007379,易方达上证50ETF联接基金A,易方达基金,余海燕,2019-09-09,2.618,指数型-股票,上证50指数收益率×95%+活期存款利率(税后)×5%,上证50指数
2023-01-30,Market.CN,007380,易方达上证50ETF联接基金C,易方达基金,余海燕,2019-09-09,2.618,指数型-股票,上证50指数收益率×95%+活期存款利率(税后)×5%,上证50指数
2023-01-30,Market.CN,007405,华宝中证100ETF联接C,华宝基金,陈建华,2019-05-10,--,指数型-股票,中证100指数收益率*95%+银行同业存款收益率*5%,中证100指数
2023-01-30,Market.CN,007410,浦银安盛中证高股息ETF联接A,浦银安盛基金,高钢杰,2020-04-01,2.078,指数型-股票,中证高股息精选指数收益率×95%+银行人民币活期存款利率(税后)×5%,中证高股息精选指数
2023-01-30,Market.CN,007411,浦银安盛中证高股息ETF联接C,浦银安盛基金,高钢杰,2020-04-01,2.078,指数型-股票,中证高股息精选指数收益率×95%+银行人民币活期存款利率(税后)×5%,中证高股息精选指数
2023-01-30,Market.CN,007466,华泰柏瑞中证低波动ETF联接A,华泰柏瑞基金,柳军,2019-07-15,5.798,指数型-股票,中证红利低波动指数收益率×95%+银行活期存款利率(税后)×5%,中证红利低波动指数
2023-01-30,Market.CN,007467,华泰柏瑞中证低波动ETF联接C,华泰柏瑞基金,柳军,2019-07-15,5.798,指数型-股票,中证红利低波动指数收益率×95%+银行活期存款利率(税后)×5%,中证红利低波动指数
2023-01-30,Market.CN,007472,华夏创蓝筹ETF联接A,华夏基金,司帆,2019-06-26,1.454,指数型-股票,创业板低波蓝筹指数收益率×95%+人民币活期存款税后利率×5%,创业板低波价值指数
2023-01-30,Market.CN,007473,华夏创蓝筹ETF联接C,华夏基金,司帆,2019-06-26,1.454,指数型-股票,创业板低波蓝筹指数收益率×95%+人民币活期存款税后利率×5%,创业板低波价值指数
2023-01-30,Market.CN,007474,华夏创成长ETF联接A,华夏基金,鲁亚运,2019-06-26,0.359,指数型-股票,创业板动量成长指数收益率×95%+人民币活期存款税后利率×5%,创业板动量成长指数
2023-01-30,Market.CN,007475,华夏创成长ETF联接C,华夏基金,鲁亚运,2019-06-26,0.359,指数型-股票,创业板动量成长指数收益率×95%+人民币活期存款税后利率×5%,创业板动量成长指数
2023-01-30,Market.CN,007531,华宝券商ETF联接C,华宝基金,丰晨成、胡洁,2019-06-13,--,指数型-股票,中证全指证券公司指数收益率×95%+人民币银行活期存款利率(税后)×5%,中证全指证券公司指数
2023-01-30,Market.CN,007541,新华MSCI中国A股国际ETF联接,新华基金,邓岳、武磊,2019-08-14,3.119,指数型-股票,MSCI中国A股国际指数收益率×95%+银行活期存款税后利率×5%,MSCI中国A股国际指数
2023-01-30,Market.CN,007571,南方上证380ETF联接C,南方基金,孙伟,2019-07-12,--,指数型-股票,上证380指数收益率×95%+银行活期存款利率(税后)×5%,上证380
2023-01-30,Market.CN,007593,鹏扬中证500质量成长ETF联接A,鹏扬基金,施红俊,2019-08-29,3.030,指数型-股票,中证500质量成长指数收益率*95%+银行活期存款利率(税后)*5%,中证500质量成长指数
2023-01-30,Market.CN,007594,鹏扬中证500质量成长ETF联接C,鹏扬基金,施红俊,2019-08-29,3.030,指数型-股票,中证500质量成长指数收益率*95%+银行活期存款利率(税后)*5%,中证500质量成长指数
2023-01-30,Market.CN,007605,嘉实沪深300红利低波动ETF联接A,嘉实基金,王紫菡,2019-12-09,2.222,指数型-股票,沪深300红利低波动指数收益率×95%+银行活期存款税后利率×5%,沪深300红利低波动指数
2023-01-30,Market.CN,007606,嘉实沪深300红利低波动ETF联接C,嘉实基金,王紫菡,2019-12-09,2.222,指数型-股票,沪深300红利低波动指数收益率×95%+银行活期存款税后利率×5%,沪深300红利低波动指数
2023-01-30,Market.CN,007782,大成MSCI价值100ETF联接A,大成基金,刘淼,2019-09-26,5.564,指数型-股票,MSCI中国A股质优价值100指数收益率×95%+银行活期存款税后利率×5%,MSCI中国A股质优价值100指数
2023-01-30,Market.CN,007783,大成MSCI价值100ETF联接C,大成基金,刘淼,2019-09-26,5.564,指数型-股票,MSCI中国A股质优价值100指数收益率×95%+银行活期存款税后利率×5%,MSCI中国A股质优价值100指数
2023-01-30,Market.CN,007784,广发央企创新驱动ETF联接A,广发基金,陆志明,2019-11-06,5.383,指数型-股票,中证央企创新驱动指数收益率*95%+银行活期存款利率(税后)*5%,中证央企创新驱动指数
2023-01-30,Market.CN,007785,广发央企创新驱动ETF联接C,广发基金,陆志明,2019-11-06,5.383,指数型-股票,中证央企创新驱动指数收益率*95%+银行活期存款利率(税后)*5%,中证央企创新驱动指数
2023-01-30,Market.CN,007786,富国中证国企一带一路ETF联接A,富国基金,王保合、王乐乐,2019-12-31,2.797,指数型-股票,中证国企一带一路指数收益率×95%+银行活期存款利率(税后)×5%,中证国企一带一路指数
2023-01-30,Market.CN,007787,富国中证国企一带一路ETF联接C,富国基金,王保合、王乐乐,2019-12-31,2.797,指数型-股票,中证国企一带一路指数收益率×95%+银行活期存款利率(税后)×5%,中证国企一带一路指数
2023-01-30,Market.CN,007792,嘉实央企创新驱动ETF联接A,嘉实基金,刘珈吟,2019-11-28,5.643,指数型-股票,中证央企创新驱动指数收益率×95%+银行活期存款税后利率×5%,中证央企创新驱动指数
2023-01-30,Market.CN,007793,嘉实央企创新驱动ETF联接C,嘉实基金,刘珈吟,2019-11-28,5.643,指数型-股票,中证央企创新驱动指数收益率×95%+银行活期存款税后利率×5%,中证央企创新驱动指数
2023-01-30,Market.CN,007796,博时央企创新驱动ETF联接A,博时基金,赵云阳、杨振建,2019-11-13,5.995,指数型-股票,中证央企创新驱动指数收益率×95%+银行活期存款税后利率×5%,中证央企创新驱动指数
2023-01-30,Market.CN,007797,博时央企创新驱动ETF联接C,博时基金,赵云阳、杨振建,2019-11-13,5.995,指数型-股票,中证央企创新驱动指数收益率×95%+银行活期存款税后利率×5%,中证央企创新驱动指数
2023-01-30,Market.CN,007809,富国央企创新驱动ETF联接A,富国基金,王乐乐,2019-11-29,2.731,指数型-股票,中证央企创新驱动指数收益率×95%+银行活期存款利率(税后)×5%,中证央企创新驱动指数
2023-01-30,Market.CN,007810,富国央企创新驱动ETF联接C,富国基金,王乐乐,2019-11-29,2.731,指数型-股票,中证央企创新驱动指数收益率×95%+银行活期存款利率(税后)×5%,中证央企创新驱动指数
2023-01-30,Market.CN,007815,嘉实新兴科技100ETF联接A,嘉实基金,王紫菡,2019-11-01,3.301,指数型-股票,中证新兴科技100策略指数收益率×95%+银行活期存款税后利率×5%,中证新兴科技100策略指数
2023-01-30,Market.CN,007816,嘉实新兴科技100ETF联接C,嘉实基金,王紫菡,2019-11-01,3.301,指数型-股票,中证新兴科技100策略指数收益率×95%+银行活期存款税后利率×5%,中证新兴科技100策略指数
2023-01-30,Market.CN,007817,国泰中证全指通信设备ETF联接A,国泰基金,艾小军,2019-09-03,0.142,指数型-股票,中证全指通信设备指数收益率×95%+银行活期存款利率(税后)×5%,中证全指通信设备指数
2023-01-30,Market.CN,007818,国泰中证全指通信设备ETF联接C,国泰基金,艾小军,2019-09-03,0.142,指数型-股票,中证全指通信设备指数收益率×95%+银行活期存款利率(税后)×5%,中证全指通信设备指数
2023-01-30,Market.CN,007839,汇添富中证长三角ETF联接A,汇添富基金,乐无穹,2019-09-24,10.606,指数型-股票,中证长三角一体化发展主题指数收益率×95%+银行人民币活期存款利率(税后)×5%,中证长三角一体化发展主题指数
2023-01-30,Market.CN,007840,汇添富中证长三角ETF联接C,汇添富基金,乐无穹,2019-09-24,10.606,指数型-股票,中证长三角一体化发展主题指数收益率×95%+银行人民币活期存款利率(税后)×5%,中证长三角一体化发展主题指数
2023-01-30,Market.CN,007842,南华中证杭州湾区ETF联接A,南华基金,黄志钢、孔庆卿,2020-04-23,2.162,指数型-股票,中证杭州湾区指数收益率×95%+银行人民币活期存款利率(税后)×5%,中证杭州湾区指数
2023-01-30,Market.CN,007843,南华中证杭州湾区ETF联接C,南华基金,黄志钢、孔庆卿,2020-04-23,2.162,指数型-股票,中证杭州湾区指数收益率×95%+银行人民币活期存款利率(税后)×5%,中证杭州湾区指数
2023-01-30,Market.CN,007856,易方达中证800ETF联接A,易方达基金,林伟斌、刘树荣,2019-10-21,2.261,指数型-股票,中证800指数收益率×95%+活期存款利率(税后)×5%,中证800指数
2023-01-30,Market.CN,007857,易方达中证800ETF联接C,易方达基金,林伟斌、刘树荣,2019-10-21,2.261,指数型-股票,中证800指数收益率×95%+活期存款利率(税后)×5%,中证800指数
2023-01-30,Market.CN,007873,华宝科技ETF联接A,华宝基金,胡洁,2019-08-30,1.360,指数型-股票,中证科技龙头指数收益率×95%+人民币银行活期存款利率(税后)×5%,中证科技龙头指数
2023-01-30,Market.CN,007874,华宝科技ETF联接C,华宝基金,胡洁,2019-08-30,1.360,指数型-股票,中证科技龙头指数收益率×95%+人民币银行活期存款利率(税后)×5%,中证科技龙头指数
2023-01-30,Market.CN,007885,中融中证500ETF联接A,中融基金,赵菲、陈薪羽,2019-12-31,2.991,指数型-股票,中证500指数收益率×95%+银行活期存款利率(税后)×5%,中证500指数
2023-01-30,Market.CN,007886,中融中证500ETF联接C,中融基金,赵菲、陈薪羽,2019-12-31,2.991,指数型-股票,中证500指数收益率×95%+银行活期存款利率(税后)×5%,中证500指数
2023-01-30,Market.CN,007910,大成有色金属期货ETF联接A,大成基金,李绍,2019-10-30,8.779,商品（不含QDII）,上海期货交易所有色金属期货价格指数收益率×95%+银行活期存款税后利率×5%,上期有色金属指数
2023-01-30,Market.CN,007911,大成有色金属期货ETF联接C,大成基金,李绍,2019-10-30,8.779,商品（不含QDII）,上海期货交易所有色金属期货价格指数收益率×95%+银行活期存款税后利率×5%,上期有色金属指数
2023-01-30,Market.CN,007932,鹏华中证500ETF联接A,鹏华基金,陈龙,2020-01-15,3.053,指数型-股票,中证500指数收益率*95%+活期存款利率(税后)*5%,中证500指数
2023-01-30,Market.CN,007937,华夏饲料豆粕期货ETF联接A,华夏基金,华龙,2020-01-13,2.903,商品（不含QDII）,大连商品交易所豆粕期货价格指数收益率×95%+人民币活期存款税后利率×5%,大商所豆粕期货价格指数
2023-01-30,Market.CN,007938,华夏饲料豆粕期货ETF联接C,华夏基金,华龙,2020-01-13,2.903,商品（不含QDII）,大连商品交易所豆粕期货价格指数收益率×95%+人民币活期存款税后利率×5%,大商所豆粕期货价格指数
2023-01-30,Market.CN,007983,申万菱信中证研发创新100ETF联接A,申万菱信基金,王赟杰,2019-11-21,5.785,指数型-股票,中证研发创新100指数收益率×95%+银行活期存款利率(税后)×5%,中证研发创新100指数
2023-01-30,Market.CN,007984,申万菱信中证研发创新100ETF联接C,申万菱信基金,王赟杰,2019-11-21,5.785,指数型-股票,中证研发创新100指数收益率×95%+银行活期存款利率(税后)×5%,中证研发创新100指数
2023-01-30,Market.CN,007992,华夏中证全指证券公司ETF联接A,华夏基金,司帆、鲁亚运,2020-04-03,0.910,指数型-股票,中证全指证券公司指数收益率*95%+人民币活期存款税后利率*5%,中证全指证券公司指数
2023-01-30,Market.CN,007993,华夏中证全指证券公司ETF联接C,华夏基金,司帆、鲁亚运,2020-04-03,0.910,指数型-股票,中证全指证券公司指数收益率*95%+人民币活期存款税后利率*5%,中证全指证券公司指数
2023-01-30,Market.CN,008001,鹏华中证500ETF联接C,鹏华基金,陈龙,2020-01-15,3.053,指数型-股票,中证500指数收益率*95%+活期存款利率(税后)*5%,中证500指数
2023-01-30,Market.CN,008020,华富中证人工智能产业ETF联接A,华富基金,张娅、郜哲,2020-04-23,2.223,指数型-股票,中证人工智能产业指数收益率×95%+银行人民币活期存款利率(税后)×5%,中证人工智能产业指数
2023-01-30,Market.CN,008021,华富中证人工智能产业ETF联接C,华富基金,张娅、郜哲,2020-04-23,2.223,指数型-股票,中证人工智能产业指数收益率×95%+银行人民币活期存款利率(税后)×5%,中证人工智能产业指数
2023-01-30,Market.CN,008052,工银湾创100ETF联接A,工银瑞信基金,史宝珖,2019-12-25,2.166,指数型-股票,粤港澳大湾区创新100指数收益率×95%+银行人民币活期存款利率(税后)×5%,中华交易服务半导体芯片行业人民币全收益指数
2023-01-30,Market.CN,008053,工银湾创100ETF联接C,工银瑞信基金,史宝珖,2019-12-25,2.166,指数型-股票,粤港澳大湾区创新100指数收益率×95%+银行人民币活期存款利率(税后)×5%,中华交易服务半导体芯片行业人民币全收益指数
2023-01-30,Market.CN,008086,华夏中证5G通信主题ETF联接A,华夏基金,李俊,2019-12-10,28.840,指数型-股票,中证5G通信主题指数收益率×95%+人民币活期存款税后利率×5%,中证5G通信主题指数
2023-01-30,Market.CN,008087,华夏中证5G通信主题ETF联接C,华夏基金,李俊,2019-12-10,28.840,指数型-股票,中证5G通信主题指数收益率×95%+人民币活期存款税后利率×5%,中证5G通信主题指数
2023-01-30,Market.CN,008088,华夏中证全指房地产ETF联接A,华夏基金,李俊,2019-11-28,0.110,指数型-股票,中证全指房地产指数收益率×95%+人民币活期存款税后利率×5%,中证全指房地产指数
2023-01-30,Market.CN,008089,华夏中证全指房地产ETF联接C,华夏基金,李俊,2019-11-28,0.110,指数型-股票,中证全指房地产指数收益率×95%+人民币活期存款税后利率×5%,中证全指房地产指数
2023-01-30,Market.CN,008142,工银瑞信黄金ETF联接A,工银瑞信基金,赵栩,2020-05-21,2.268,商品（不含QDII）,上海黄金交易所Au99.99现货实盘合约收盘价收益率×95%+人民币活期存款利率(税后)×5%,该基金无跟踪标的
2023-01-30,Market.CN,008143,工银瑞信黄金ETF联接C,工银瑞信基金,赵栩,2020-05-21,2.268,商品（不含QDII）,上海黄金交易所Au99.99现货实盘合约收盘价收益率×95%+人民币活期存款利率(税后)×5%,该基金无跟踪标的
2023-01-30,Market.CN,008154,嘉实医药健康100ETF联接A,嘉实基金,王紫菡,2021-04-06,4.388,指数型-股票,中证医药健康100策略指数收益率*95%+银行活期存款税后利率*5%,中证嘉实医药健康质量成长100策略指数
2023-01-30,Market.CN,008155,嘉实医药健康100ETF联接C,嘉实基金,王紫菡,2021-04-06,4.388,指数型-股票,中证医药健康100策略指数收益率*95%+银行活期存款税后利率*5%,中证嘉实医药健康质量成长100策略指数
2023-01-30,Market.CN,008163,南方大盘红利50ETF联接A,南方基金,崔蕾,2020-01-21,10.565,指数型-股票,标的指数收益率×95%+银行活期存款利率(税后)×5%,标普中国A股大盘红利低波50指数
2023-01-30,Market.CN,008164,南方大盘红利50ETF联接C,南方基金,崔蕾,2020-01-21,10.565,指数型-股票,标的指数收益率×95%+银行活期存款利率(税后)×5%,标普中国A股大盘红利低波50指数
2023-01-30,Market.CN,008189,国泰中证钢铁ETF联接A,国泰基金,晏曦,2020-01-20,0.151,指数型-股票,中证钢铁指数收益率×95%+银行活期存款利率(税后)×5%,中证钢铁指数
2023-01-30,Market.CN,008190,国泰中证钢铁ETF联接C,国泰基金,晏曦,2020-01-20,0.151,指数型-股票,中证钢铁指数收益率×95%+银行活期存款利率(税后)×5%,中证钢铁指数
2023-01-30,Market.CN,008199,华夏创新100ETF联接A,华夏基金,华龙,2020-04-29,0.268,指数型-股票,粤港澳大湾区创新100指数收益率×95%+人民币活期存款税后利率×5%,中华交易服务半导体芯片行业人民币全收益指数
2023-01-30,Market.CN,008200,华夏创新100ETF联接C,华夏基金,华龙,2020-04-29,0.268,指数型-股票,粤港澳大湾区创新100指数收益率×95%+人民币活期存款税后利率×5%,中华交易服务半导体芯片行业人民币全收益指数
2023-01-30,Market.CN,008236,招商深证100ETF联接A,招商基金,刘重杰,2020-06-12,2.027,指数型-股票,深证100指数(价格)收益率*95%+中国人民银行人民币活期存款利率(税后)*5%,深证100指数(价格)
2023-01-30,Market.CN,008237,招商深证100ETF联接C,招商基金,刘重杰,2020-06-12,2.027,指数型-股票,深证100指数(价格)收益率*95%+中国人民银行人民币活期存款利率(税后)*5%,深证100指数(价格)
2023-01-30,Market.CN,008258,中银证券中证500ETF联接A,中银证券,张艺敏,2020-05-14,3.117,指数型-股票,中证500指数收益率×95%+银行活期存款税后利率×5%,中证500指数
2023-01-30,Market.CN,008259,中银证券中证500ETF联接C,中银证券,张艺敏,2020-05-14,3.117,指数型-股票,中证500指数收益率×95%+银行活期存款税后利率×5%,中证500指数
2023-01-30,Market.CN,008279,国泰中证煤炭ETF联接A,国泰基金,晏曦,2020-01-16,0.141,指数型-股票,中证煤炭指数收益率×95%+银行活期存款利率(税后)×5%,中证煤炭指数
2023-01-30,Market.CN,008280,国泰中证煤炭ETF联接C,国泰基金,晏曦,2020-01-16,0.141,指数型-股票,中证煤炭指数收益率×95%+银行活期存款利率(税后)×5%,中证煤炭指数
2023-01-30,Market.CN,008281,国泰CES半导体芯片行业ETF联接A,国泰基金,梁杏,2019-11-22,0.225,指数型-股票,中华交易服务半导体芯片行业指数收益率×95%+银行活期存款利率(税后)×5%,中华交易服务半导体芯片行业人民币指数
2023-01-30,Market.CN,008282,国泰CES半导体芯片行业ETF联接C,国泰基金,梁杏,2019-11-22,0.225,指数型-股票,中华交易服务半导体芯片行业指数收益率×95%+银行活期存款利率(税后)×5%,中华交易服务半导体芯片行业人民币指数
2023-01-30,Market.CN,008291,民生加银沪深300ETF联接A,民生加银基金,何江,2019-12-26,3.937,指数型-股票,沪深300指数指数收益率×95%+银行人民币活期存款利率(税后)×5%,沪深300指数
2023-01-30,Market.CN,008292,民生加银沪深300ETF联接C,民生加银基金,何江,2019-12-26,3.937,指数型-股票,沪深300指数指数收益率×95%+银行人民币活期存款利率(税后)×5%,沪深300指数
2023-01-30,Market.CN,008298,华夏中证银行ETF联接A,华夏基金,李俊,2019-12-06,0.113,指数型-股票,中证银行指数收益率×95%+人民币活期存款税后利率×5%,中证银行指数
2023-01-30,Market.CN,008299,华夏中证银行ETF联接C,华夏基金,李俊,2019-12-06,0.113,指数型-股票,中证银行指数收益率×95%+人民币活期存款税后利率×5%,中证银行指数
2023-01-30,Market.CN,008390,国联安沪深300ETF联接A,国联安基金,黄欣、章椹元,2019-12-25,15.793,指数型-股票,沪深300指数收益率×95%+银行活期存款利率(税后)×5%,沪深300指数
2023-01-30,Market.CN,008391,国联安沪深300ETF联接C,国联安基金,黄欣、章椹元,2019-12-25,15.793,指数型-股票,沪深300指数收益率×95%+银行活期存款利率(税后)×5%,沪深300指数
2023-01-30,Market.CN,008396,博时中证500ETF联接A,博时基金,万琼,2019-12-30,0.379,指数型-股票,中证500指数收益率×95%+银行活期存款税后利率×5%,中证500指数
2023-01-30,Market.CN,008397,博时中证500ETF联接C,博时基金,万琼,2019-12-30,0.379,指数型-股票,中证500指数收益率×95%+银行活期存款税后利率×5%,中证500指数
2023-01-30,Market.CN,008399,华泰柏瑞中证科技ETF联接A,华泰柏瑞基金,谭弘翔,2020-02-26,12.867,指数型-股票,中证科技100指数收益率×95%+银行活期存款利率(税后)×5%,中证科技100指数
2023-01-30,Market.CN,008400,华泰柏瑞中证科技ETF联接C,华泰柏瑞基金,谭弘翔,2020-02-26,12.867,指数型-股票,中证科技100指数收益率×95%+银行活期存款利率(税后)×5%,中证科技100指数
2023-01-30,Market.CN,008585,华夏中证人工智能主题ETF联接A,华夏基金,李俊,2020-06-16,8.640,指数型-股票,中证人工智能主题指数收益率×95%+人民币活期存款税后利率×5%,中证人工智能主题指数
2023-01-30,Market.CN,008586,华夏中证人工智能主题ETF联接C,华夏基金,李俊,2020-06-16,8.640,指数型-股票,中证人工智能主题指数收益率×95%+人民币活期存款税后利率×5%,中证人工智能主题指数
2023-01-30,Market.CN,008590,天弘中证全指证券公司ETF联接A,天弘基金,沙川,2019-12-20,0.108,指数型-股票,中证全指证券公司指数收益率*95%+银行活期存款利率(税后)*5%,中证全指证券公司指数
2023-01-30,Market.CN,008591,天弘中证全指证券公司ETF联接C,天弘基金,沙川,2019-12-20,0.108,指数型-股票,中证全指证券公司指数收益率*95%+银行活期存款利率(税后)*5%,中证全指证券公司指数
2023-01-30,Market.CN,008701,华夏黄金ETF联接A,华夏基金,荣膺,2020-07-16,1.219,商品（不含QDII）,上海黄金交易所黄金现货实盘合约Au9999价格收益率*95%+人民币活期存款税后利率*5%,该基金无跟踪标的
2023-01-30,Market.CN,008702,华夏黄金ETF联接C,华夏基金,荣膺,2020-07-16,1.219,商品（不含QDII）,上海黄金交易所黄金现货实盘合约Au9999价格收益率*95%+人民币活期存款税后利率*5%,该基金无跟踪标的
2023-01-30,Market.CN,008713,国泰中证全指家用电器ETF联接A,国泰基金,晏曦,2020-04-03,0.107,指数型-股票,中证全指家用电器指数收益率*95%+银行活期存款利率(税后)*5%,中证全指家用电器指数
2023-01-30,Market.CN,008714,国泰中证全指家用电器ETF联接C,国泰基金,晏曦,2020-04-03,0.107,指数型-股票,中证全指家用电器指数收益率*95%+银行活期存款利率(税后)*5%,中证全指家用电器指数
2023-01-30,Market.CN,008749,富国中证科技50策略ETF联接A,富国基金,王乐乐,2020-02-20,11.875,指数型-股票,中证科技50策略指数收益率×95%+银行活期存款利率(税后)×5%,中证科技50策略指数
2023-01-30,Market.CN,008750,富国中证科技50策略ETF联接C,富国基金,王乐乐,2020-02-20,11.875,指数型-股票,中证科技50策略指数收益率×95%+银行活期存款利率(税后)×5%,中证科技50策略指数
2023-01-30,Market.CN,008776,华安沪深300ETF联接A,华安基金,许之彦,2020-08-03,0.681,指数型-股票,沪深300指数收益率×95%+商业银行税后活期存款利率×5%,沪深300指数
2023-01-30,Market.CN,008777,华安沪深300ETF联接C,华安基金,许之彦,2020-08-03,0.681,指数型-股票,沪深300指数收益率×95%+商业银行税后活期存款利率×5%,沪深300指数
2023-01-30,Market.CN,008827,建信易盛郑商所能源化工期货ETF联接A,建信基金,朱金钰,2020-10-16,0.239,商品（不含QDII）,易盛郑商所能源化工指数A收益率×95%+银行活期存款税后收益率×5%,易盛郑商所能源化工指数A
2023-01-30,Market.CN,008828,建信易盛郑商所能源化工期货ETF联接C,建信基金,朱金钰,2020-10-16,0.239,商品（不含QDII）,易盛郑商所能源化工指数A收益率×95%+银行活期存款税后收益率×5%,易盛郑商所能源化工指数A
2023-01-30,Market.CN,008832,海富通中证长三角领先ETF联接,海富通基金,陈林海,2020-08-17,2.691,指数型-股票,中证长三角领先指数收益率*95%+银行人民币活期存款利率(税后)*5%,中证长三角领先指数
2023-01-30,Market.CN,008887,华夏国证半导体芯片ETF联接A,华夏基金,赵宗庭,2020-06-02,10.280,指数型-股票,国证半导体芯片指数收益率*95%+人民币活期存款税后利率*5%,国证半导体芯片指数
2023-01-30,Market.CN,008888,华夏国证半导体芯片ETF联接C,华夏基金,赵宗庭,2020-06-02,10.280,指数型-股票,国证半导体芯片指数收益率*95%+人民币活期存款税后利率*5%,国证半导体芯片指数
2023-01-30,Market.CN,008889,银华中证5G通信主题ETF联接A,银华基金,马君、王帅,2020-05-28,16.854,指数型-股票,中证5G通信主题指数收益率×95%+银行活期存款利率(税后)×5%,中证5G通信主题指数
2023-01-30,Market.CN,008898,国寿创精选88ETF联接A,国寿安保基金,苏天醒,2020-03-20,2.056,指数型-股票,国证创业板中盘精选88指数收益率×95%+银行活期存款利率(税后)×5%,国证创业板中盘精选88指数
2023-01-30,Market.CN,008899,国寿创精选88ETF联接C,国寿安保基金,苏天醒,2020-03-20,2.056,指数型-股票,国证创业板中盘精选88指数收益率×95%+银行活期存款利率(税后)×5%,国证创业板中盘精选88指数
2023-01-30,Market.CN,008907,汇添富中证国企一带一路ETF联接A,汇添富基金,董瑾,2020-03-05,17.823,指数型-股票,中证国企一带一路指数收益率×95%+银行人民币活期存款利率(税后)×5%,中证国企一带一路指数
2023-01-30,Market.CN,008908,汇添富中证国企一带一路ETF联接C,汇添富基金,董瑾,2020-03-05,17.823,指数型-股票,中证国企一带一路指数收益率×95%+银行人民币活期存款利率(税后)×5%,中证国企一带一路指数
2023-01-30,Market.CN,008916,华夏中证浙江国资创新发展ETF联接A,华夏基金,余昊,2020-09-29,2.547,指数型-股票,中证浙江国资创新发展指数收益率*95%+银行活期存款利率(税后)*5%,中证浙江国资创新发展指数
2023-01-30,Market.CN,008917,华夏中证浙江国资创新发展ETF联接C,华夏基金,余昊,2020-09-29,2.547,指数型-股票,中证浙江国资创新发展指数收益率*95%+银行活期存款利率(税后)*5%,中证浙江国资创新发展指数
2023-01-30,Market.CN,008926,泰康沪深300ETF联接A,泰康基金,魏军,2020-06-30,4.271,指数型-股票,沪深300指数收益率*95%+金融机构人民币活期存款利率(税后)*5%,沪深300指数
2023-01-30,Market.CN,008927,泰康沪深300ETF联接C,泰康基金,魏军,2020-06-30,4.271,指数型-股票,沪深300指数收益率*95%+金融机构人民币活期存款利率(税后)*5%,沪深300指数
2023-01-30,Market.CN,008944,上投摩根MSCI中国A股ETF联接A,上投摩根基金,胡迪、何智豪,2020-07-22,3.129,指数型-股票,MSCI中国A股人民币指数收益率×95%+活期存款利率(税后)×5%,MSCI中国A股人民币指数
2023-01-30,Market.CN,008945,上投摩根MSCI中国A股ETF联接C,上投摩根基金,胡迪、何智豪,2020-07-22,3.129,指数型-股票,MSCI中国A股人民币指数收益率×95%+活期存款利率(税后)×5%,MSCI中国A股人民币指数
2023-01-30,Market.CN,008975,富国中证消费50ETF联接A,富国基金,王乐乐,2020-03-18,3.225,指数型-股票,中证消费50指数收益率×95%+银行活期存款利率(税后)×5%,中证消费50指数
2023-01-30,Market.CN,008976,富国中证消费50ETF联接C,富国基金,王乐乐,2020-03-18,3.225,指数型-股票,中证消费50指数收益率×95%+银行活期存款利率(税后)×5%,中证消费50指数
2023-01-30,Market.CN,008986,广发上海金ETF联接A,广发基金,霍华明,2020-08-05,2.741,商品（不含QDII）,上海黄金交易所上海金集中定价合约(合约代码:SHAU)的午盘基准价格收益率×95%+活期存款利率(税后)×5%,该基金无跟踪标的
2023-01-30,Market.CN,008987,广发上海金ETF联接C,广发基金,霍华明,2020-08-05,2.741,商品（不含QDII）,上海黄金交易所上海金集中定价合约(合约代码:SHAU)的午盘基准价格收益率×95%+活期存款利率(税后)×5%,该基金无跟踪标的
2023-01-30,Market.CN,009012,平安创业板ETF联接A,平安基金,钱晶,2020-03-25,2.578,指数型-股票,创业板指数收益率×95%+银行活期存款利率(税后)×5%,创业板指数(价格)
2023-01-30,Market.CN,009013,平安创业板ETF联接C,平安基金,钱晶,2020-03-25,2.578,指数型-股票,创业板指数收益率×95%+银行活期存款利率(税后)×5%,创业板指数(价格)
2023-01-30,Market.CN,009033,建信上海金ETF联接A,建信基金,朱金钰,2020-08-05,2.756,商品（不含QDII）,上海黄金交易所上海金集中定价合约(合约代码:SHAU)午盘基准价格收益率×95%+银行活期存款利率(税后)×5%,该基金无跟踪标的
2023-01-30,Market.CN,009034,建信上海金ETF联接C,建信基金,朱金钰,2020-08-05,2.756,商品（不含QDII）,上海黄金交易所上海金集中定价合约(合约代码:SHAU)午盘基准价格收益率×95%+银行活期存款利率(税后)×5%,该基金无跟踪标的
2023-01-30,Market.CN,009051,易方达中证红利ETF联接A,易方达基金,林伟斌、宋钊贤,2020-07-08,10.085,指数型-股票,中证红利指数收益率×95%+活期存款利率(税后)×5%,中证红利指数
2023-01-30,Market.CN,009052,易方达中证红利ETF联接C,易方达基金,林伟斌、宋钊贤,2020-07-08,10.085,指数型-股票,中证红利指数收益率×95%+活期存款利率(税后)×5%,中证红利指数
2023-01-30,Market.CN,009067,国泰中证新能源汽车ETF联接A,国泰基金,晏曦,2020-04-03,0.108,指数型-股票,中证新能源汽车指数收益率*95%+银行活期存款利率(税后)*5%,中证新能源汽车指数
2023-01-30,Market.CN,009068,国泰中证新能源汽车ETF联接C,国泰基金,晏曦,2020-04-03,0.108,指数型-股票,中证新能源汽车指数收益率*95%+银行活期存款利率(税后)*5%,中证新能源汽车指数
2023-01-30,Market.CN,009079,南方粤港澳大湾区ETF联接A,南方基金,崔蕾,2020-03-26,0.255,指数型-股票,粤港澳大湾区创新100指数收益率×95%+银行人民币活期存款利率(税后)×5%,中华交易服务半导体芯片行业人民币全收益指数
2023-01-30,Market.CN,009080,南方粤港澳大湾区ETF联接C,南方基金,崔蕾,2020-03-26,0.255,指数型-股票,粤港澳大湾区创新100指数收益率×95%+银行人民币活期存款利率(税后)×5%,中华交易服务半导体芯片行业人民币全收益指数
2023-01-30,Market.CN,009179,嘉实中证主要消费ETF联接A,嘉实基金,刘珈吟、王紫菡,2020-04-22,0.467,指数型-股票,中证主要消费指数收益率×95%+银行活期存款税后利率×5%,中证主要消费指数
2023-01-30,Market.CN,009180,嘉实中证主要消费ETF联接C,嘉实基金,刘珈吟、王紫菡,2020-04-22,0.467,指数型-股票,中证主要消费指数收益率×95%+银行活期存款税后利率×5%,中证主要消费指数
2023-01-30,Market.CN,009198,前海开源黄金ETF联接,前海开源基金,梁溥森、孔芳,2020-05-14,2.275,商品（不含QDII）,上海黄金交易所Au99.99现货实盘合约收益率×90%+人民币活期存款税后利率×10%,该基金无跟踪标的
2023-01-30,Market.CN,009374,浦银安盛MSCI中国A股ETF联接A,浦银安盛基金,高钢杰,2020-09-23,2.197,指数型-股票,MSCI中国A股指数收益率*95%+银行人民币活期存款利率(税后)*5%,MSCI中国A股人民币指数
2023-01-30,Market.CN,009375,浦银安盛MSCI中国A股ETF联接C,浦银安盛基金,高钢杰,2020-09-23,2.197,指数型-股票,MSCI中国A股指数收益率*95%+银行人民币活期存款利率(税后)*5%,MSCI中国A股人民币指数
2023-01-30,Market.CN,009477,中银上海金ETF联接A,中银基金,赵建忠,2020-09-29,2.701,商品（不含QDII）,上海黄金交易所上海金集中定价合约(合约代码:SHAU)午盘基准价格收益率×95%+人民币活期存款利率(税后)×5%,该基金无跟踪标的
2023-01-30,Market.CN,009478,中银上海金ETF联接C,中银基金,赵建忠,2020-09-29,2.701,商品（不含QDII）,上海黄金交易所上海金集中定价合约(合约代码:SHAU)午盘基准价格收益率×95%+人民币活期存款利率(税后)×5%,该基金无跟踪标的
2023-01-30,Market.CN,009479,中银中证100ETF联接A,中银基金,赵建忠,2020-11-10,3.094,指数型-股票,中证100指数收益率×95%+银行人民币活期存款利率(税后)×5%,中证100指数
2023-01-30,Market.CN,009480,中银中证100ETF联接C,中银基金,赵建忠,2020-11-10,3.094,指数型-股票,中证100指数收益率×95%+银行人民币活期存款利率(税后)×5%,中证100指数
2023-01-30,Market.CN,009504,富国上海金ETF联接A,富国基金,王乐乐,2020-07-24,2.842,商品（不含QDII）,上海黄金交易所上海金集中定价合约(合约代码:SHAU)午盘基准价格收益率×95%+银行活期存款利率(税后)×5%,该基金无跟踪标的
2023-01-30,Market.CN,009505,富国上海金ETF联接C,富国基金,王乐乐,2020-07-24,2.842,商品（不含QDII）,上海黄金交易所上海金集中定价合约(合约代码:SHAU)午盘基准价格收益率×95%+银行活期存款利率(税后)×5%,该基金无跟踪标的
2023-01-30,Market.CN,009656,华安中债1-5年国开行债券ETF联接A,华安基金,林唐宇,2020-09-23,21.002,债券型-长债,中债-1-5年国开行债券指数收益率*95%+银行活期存款利率(税后)*5%,中债-1-5年国开行债券全价(总值)指数
2023-01-30,Market.CN,009657,华安中债1-5年国开行债券ETF联接C,华安基金,林唐宇,2020-09-23,21.002,债券型-长债,中债-1-5年国开行债券指数收益率*95%+银行活期存款利率(税后)*5%,中债-1-5年国开行债券全价(总值)指数
2023-01-30,Market.CN,010183,南方创业板ETF联接E,南方基金,孙伟,2020-09-16,--,指数型-股票,创业板指数×95%+银行人民币活期存款利率(税后)×5%,创业板指数(价格)
2023-01-30,Market.CN,010210,国泰中证计算机主题ETF联接C,国泰基金,艾小军,2020-12-03,--,指数型-股票,中证计算机主题指数收益率*95%+银行活期存款利率(税后)*5%,中证计算机主题指数
2023-01-30,Market.CN,010432,广发中小企业300ETF联接C,广发基金,姚曦,2020-10-30,--,指数型-股票,中小企业300价格指数收益率*95%+银行活期存款利率(税后)*5%,中小企业300指数
2023-01-30,Market.CN,010524,银华中证5G通信主题ETF联接C,银华基金,马君、王帅,2021-01-04,--,指数型-股票,中证5G通信主题指数收益率*95%+银行活期存款利率(税后)*5%,中证5G通信主题指数
2023-01-30,Market.CN,010561,银华巨潮小盘价值ETF联接A,银华基金,张亦驰、谭跃峰,2021-02-03,0.236,指数型-股票,巨潮小盘价值指数收益率*95%+银行活期存款利率(税后)*5%,巨潮小盘价值指数
2023-01-30,Market.CN,010989,南方房地产ETF联接E,南方基金,罗文杰,2020-12-18,--,指数型-股票,中证全指房地产指数×95%+银行人民币活期存款利率(税后)×5%,中证全指房地产指数
2023-01-30,Market.CN,010990,南方有色金属ETF联接E,南方基金,崔蕾,2020-12-18,--,指数型-股票,中证申万有色金属指数收益率×95%+银行人民币活期存款利率(税后)×5%,有色金属
2023-01-30,Market.CN,011035,嘉实中证稀土产业ETF联接A,嘉实基金,田光远,2021-08-03,1.940,指数型-股票,中证稀土产业指数收益率*95%+银行活期存款利率(税后)*5%,中证稀土产业指数
2023-01-30,Market.CN,011036,嘉实中证稀土产业ETF联接C,嘉实基金,田光远,2021-08-03,1.940,指数型-股票,中证稀土产业指数收益率*95%+银行活期存款利率(税后)*5%,中证稀土产业指数
2023-01-30,Market.CN,011040,天弘国证生物医药ETF发起式联接A,天弘基金,沙川、贺雨轩,2021-01-27,3.229,指数型-股票,国证生物医药指数收益率*95%+银行活期存款利率(税后)*5%,国证生物医药指数
2023-01-30,Market.CN,011041,天弘国证生物医药ETF发起式联接C,天弘基金,沙川、贺雨轩,2021-01-27,3.229,指数型-股票,国证生物医药指数收益率*95%+银行活期存款利率(税后)*5%,国证生物医药指数
2023-01-30,Market.CN,011316,天弘创业板300ETF发起式联接A,天弘基金,陈瑶,2021-05-07,0.592,指数型-股票,创业板300指数收益率*95%+银行活期存款利率(税后)*5%,创业板300
2023-01-30,Market.CN,011317,天弘创业板300ETF发起式联接C,天弘基金,陈瑶,2021-05-07,0.592,指数型-股票,创业板300指数收益率*95%+银行活期存款利率(税后)*5%,创业板300
2023-01-30,Market.CN,011319,国泰上证综合ETF联接A,国泰基金,晏曦,2021-01-22,0.121,指数型-股票,上证综合指数收益率*95%+银行活期存款利率(税后)*5%,上证综合指数
2023-01-30,Market.CN,011320,国泰上证综合ETF联接C,国泰基金,晏曦,2021-01-22,0.121,指数型-股票,上证综合指数收益率*95%+银行活期存款利率(税后)*5%,上证综合指数
2023-01-30,Market.CN,011608,易方达科创板50ETF联接A,易方达基金,林伟斌、成曦,2021-03-01,49.948,指数型-股票,上证科创板50成份指数收益率*95%+活期存款利率(税后)*5%,上证科创板50成份指数
2023-01-30,Market.CN,011609,易方达科创板50ETF联接C,易方达基金,林伟斌、成曦,2021-03-01,49.948,指数型-股票,上证科创板50成份指数收益率*95%+活期存款利率(税后)*5%,上证科创板50成份指数
2023-01-30,Market.CN,011610,华泰柏瑞科创板50ETF联接A,华泰柏瑞基金,柳军,2021-03-04,5.856,指数型-股票,上证科创板50成份指数收益率*95%+银行活期存款利率(税后)*5%,上证科创板50成份指数
2023-01-30,Market.CN,011611,华泰柏瑞科创板50ETF联接C,华泰柏瑞基金,柳军,2021-03-04,5.856,指数型-股票,上证科创板50成份指数收益率*95%+银行活期存款利率(税后)*5%,上证科创板50成份指数
2023-01-30,Market.CN,011612,华夏科创板50ETF联接A,华夏基金,张弘弢、荣膺,2021-03-04,32.694,指数型-股票,上证科创板50成份指数收益率*95%+人民币活期存款税后利率*5%,上证科创板50成份指数
2023-01-30,Market.CN,011613,华夏科创板50ETF联接C,华夏基金,张弘弢、荣膺,2021-03-04,32.694,指数型-股票,上证科创板50成份指数收益率*95%+人民币活期存款税后利率*5%,上证科创板50成份指数
2023-01-30,Market.CN,011614,工银科创板50ETF联接A,工银瑞信基金,赵栩,2021-03-05,19.552,指数型-股票,上证科创板50成份指数收益率*95%+银行人民币活期存款利率(税后)*5%,上证科创板50成份指数
2023-01-30,Market.CN,011615,工银科创板50ETF联接C,工银瑞信基金,赵栩,2021-03-05,19.552,指数型-股票,上证科创板50成份指数收益率*95%+银行人民币活期存款利率(税后)*5%,上证科创板50成份指数
2023-01-30,Market.CN,011964,泰康中证500ETF联接A,泰康基金,魏军,2022-08-01,5.237,指数型-股票,中证500指数收益率*95%+金融机构人民币活期存款利率(税后)*5%,中证500指数
2023-01-30,Market.CN,011965,泰康中证500ETF联接C,泰康基金,魏军,2022-08-01,5.237,指数型-股票,中证500指数收益率*95%+金融机构人民币活期存款利率(税后)*5%,中证500指数
2023-01-30,Market.CN,012116,中银创业板ETF发起联接A,中银证券,张艺敏,2021-04-29,0.119,指数型-股票,创业板指数收益率*95%+银行活期存款税后利率*5%,创业板指数(价格)
2023-01-30,Market.CN,012117,中银创业板ETF发起联接C,中银证券,张艺敏,2021-04-29,0.119,指数型-股票,创业板指数收益率*95%+银行活期存款税后利率*5%,创业板指数(价格)
2023-01-30,Market.CN,012151,华泰柏瑞中证港股通50ETF联接A,华泰柏瑞基金,何琦、李茜,2021-09-28,0.118,指数型-股票,中证港股通50指数收益率(使用估值汇率折算)*95%+银行活期存款利率(税后)*5%,中证港股通50港元指数
2023-01-30,Market.CN,012152,华泰柏瑞中证港股通50ETF联接C,华泰柏瑞基金,何琦、李茜,2021-09-28,0.118,指数型-股票,中证港股通50指数收益率(使用估值汇率折算)*95%+银行活期存款利率(税后)*5%,中证港股通50港元指数
2023-01-30,Market.CN,012179,浦银安盛创业板ETF联接A,浦银安盛基金,高钢杰,2021-12-29,2.161,指数型-股票,创业板指数收益率*95%+银行活期存款利率(税后)*5%,创业板指数(价格)
2023-01-30,Market.CN,012180,浦银安盛创业板ETF联接C,浦银安盛基金,高钢杰,2021-12-29,2.161,指数型-股票,创业板指数收益率*95%+银行活期存款利率(税后)*5%,创业板指数(价格)
2023-01-30,Market.CN,012275,富国中证沪港深500ETF联接A,富国基金,张圣贤,2021-07-14,3.295,指数型-股票,中证沪港深500指数收益率*95%+银行活期存款利率(税后)*5%,中证沪港深500人民币指数
2023-01-30,Market.CN,012276,富国中证沪港深500ETF联接C,富国基金,张圣贤,2021-07-14,3.295,指数型-股票,中证沪港深500指数收益率*95%+银行活期存款利率(税后)*5%,中证沪港深500人民币指数
2023-01-30,Market.CN,012323,华宝医疗ETF联接C,华宝基金,胡洁,2021-05-13,--,指数型-股票,中证医疗指数收益率×95%+同期银行活期存款利率(税后)×5%,中证医疗指数
2023-01-30,Market.CN,012326,天弘中证全指医疗保健设备与服务ETF联接A,天弘基金,沙川、贺雨轩,2021-06-29,0.554,指数型-股票,中证全指医疗保健设备与服务指数收益率*95%+银行活期存款利率(税后)*5%,中证全指医疗保健设备与服务指数
2023-01-30,Market.CN,012327,天弘中证全指医疗保健设备与服务ETF联接C,天弘基金,沙川、贺雨轩,2021-06-29,0.554,指数型-股票,中证全指医疗保健设备与服务指数收益率*95%+银行活期存款利率(税后)*5%,中证全指医疗保健设备与服务指数
2023-01-30,Market.CN,012362,国泰中证全指证券公司ETF联接A,国泰基金,艾小军,2021-05-19,0.102,指数型-股票,中证全指证券公司指数,中证全指证券公司指数
2023-01-30,Market.CN,012363,国泰中证全指证券公司ETF联接C,国泰基金,艾小军,2021-05-19,0.102,指数型-股票,中证全指证券公司指数,中证全指证券公司指数
2023-01-30,Market.CN,012503,国泰中证环保产业50ETF联接A,国泰基金,王玉,2021-06-08,0.102,指数型-股票,中证环保产业50指数收益率*95%+银行活期存款利率(税后)*5%,中证环保产业50指数
2023-01-30,Market.CN,012504,国泰中证环保产业50ETF联接C,国泰基金,王玉,2021-06-08,0.102,指数型-股票,中证环保产业50指数收益率*95%+银行活期存款利率(税后)*5%,中证环保产业50指数
2023-01-30,Market.CN,012516,国泰中证细分机械设备产业主题ETF联接A,国泰基金,徐成城,2021-06-08,0.103,指数型-股票,中证细分机械设备产业主题指数收益率*95%+银行活期存款利率(税后)*5%,细分机械
2023-01-30,Market.CN,012517,国泰中证细分机械设备产业主题ETF联接C,国泰基金,徐成城,2021-06-08,0.103,指数型-股票,中证细分机械设备产业主题指数收益率*95%+银行活期存款利率(税后)*5%,细分机械
2023-01-30,Market.CN,012537,华宝中证细分化工产业主题ETF联接A,华宝基金,陈建华,2021-06-24,0.106,指数型-股票,中证细分化工产业主题指数收益率*95%+人民币银行活期存款利率(税后)*5%,细分化工
2023-01-30,Market.CN,012538,华宝中证细分化工产业主题ETF联接C,华宝基金,陈建华,2021-06-24,0.106,指数型-股票,中证细分化工产业主题指数收益率*95%+人民币银行活期存款利率(税后)*5%,细分化工
2023-01-30,Market.CN,012547,南方银行ETF联接E,南方基金,孙伟,2021-06-11,--,指数型-股票,中证银行指数收益率×95%+银行人民币活期存款利率(税后)×5%,中证银行指数
2023-01-30,Market.CN,012548,华宝中证细分食品饮料产业主题ETF联接A,华宝基金,蒋俊阳,2021-07-12,0.447,指数型-股票,中证细分食品饮料产业主题指数收益率*95%+人民币银行活期存款利率(税后)*5%,细分食品
2023-01-30,Market.CN,012549,华宝中证细分食品饮料产业主题ETF联接C,华宝基金,蒋俊阳,2021-07-12,0.447,指数型-股票,中证细分食品饮料产业主题指数收益率*95%+人民币银行活期存款利率(税后)*5%,细分食品
2023-01-30,Market.CN,012550,华宝中证电子50ETF联接A,华宝基金,蒋俊阳,2021-07-19,0.377,指数型-股票,中证电子50指数收益率*95%+人民币银行活期存款利率(税后)*5%,中证电子50指数
2023-01-30,Market.CN,012551,华宝中证电子50ETF联接C,华宝基金,蒋俊阳,2021-07-19,0.377,指数型-股票,中证电子50指数收益率*95%+人民币银行活期存款利率(税后)*5%,中证电子50指数
2023-01-30,Market.CN,012554,西部利得创业板大盘ETF联接A,西部利得基金,蔡路平,2021-12-01,2.383,指数型-股票,创业板大盘指数收益率*95%+银行活期存款利率(税后)*5%,创业板大盘指数
2023-01-30,Market.CN,012555,西部利得创业板大盘ETF联接C,西部利得基金,蔡路平,2021-12-01,2.383,指数型-股票,创业板大盘指数收益率*95%+银行活期存款利率(税后)*5%,创业板大盘指数
2023-01-30,Market.CN,012590,易方达中证全指证券公司ETF联接A,易方达基金,张湛,2022-03-02,2.561,指数型-股票,中证全指证券公司指数收益率*95%+活期存款利率(税后)*5%,中证全指证券公司指数
2023-01-30,Market.CN,012596,汇添富中证800ETF联接A,汇添富基金,过蓓蓓、乐无穹,2021-09-29,2.932,指数型-股票,中证800指数收益率*95%+银行人民币活期存款利率(税后)*5%,中证800指数
2023-01-30,Market.CN,012597,汇添富中证800ETF联接C,汇添富基金,过蓓蓓、乐无穹,2021-09-29,2.932,指数型-股票,中证800指数收益率*95%+银行人民币活期存款利率(税后)*5%,中证800指数
2023-01-30,Market.CN,012619,嘉实中证软件服务ETF联接A,嘉实基金,田光远,2021-10-21,4.292,指数型-股票,中证软件服务指数收益率*95%+银行活期存款利率(税后)*5%,中证软件服务指数
2023-01-30,Market.CN,012620,嘉实中证软件服务ETF联接C,嘉实基金,田光远,2021-10-21,4.292,指数型-股票,中证软件服务指数收益率*95%+银行活期存款利率(税后)*5%,中证软件服务指数
2023-01-30,Market.CN,012629,广发国证半导体芯片ETF联接A,广发基金,罗国庆,2021-08-09,5.549,指数型-股票,国证半导体芯片指数收益率*95%+活期存款利率(税后)*5%,国证半导体芯片指数
2023-01-30,Market.CN,012630,广发国证半导体芯片ETF联接C,广发基金,罗国庆,2021-08-09,5.549,指数型-股票,国证半导体芯片指数收益率*95%+活期存款利率(税后)*5%,国证半导体芯片指数
2023-01-30,Market.CN,012634,国泰中证医疗ETF联接A,国泰基金,梁杏,2021-06-23,0.104,指数型-股票,中证医疗指数收益率*95%+银行活期存款利率(税后)*5%,中证医疗指数
2023-01-30,Market.CN,012635,国泰中证医疗ETF联接C,国泰基金,梁杏,2021-06-23,0.104,指数型-股票,中证医疗指数收益率*95%+银行活期存款利率(税后)*5%,中证医疗指数
2023-01-30,Market.CN,012636,国泰中证全指软件ETF联接A,国泰基金,梁杏、苗梦羽,2021-06-24,0.128,指数型-股票,中证全指软件指数收益率*95%+银行活期存款利率(税后)*5%,中证全指软件指数
2023-01-30,Market.CN,012637,国泰中证全指软件ETF联接C,国泰基金,梁杏、苗梦羽,2021-06-24,0.128,指数型-股票,中证全指软件指数收益率*95%+银行活期存款利率(税后)*5%,中证全指软件指数
2023-01-30,Market.CN,012643,招商中证红利ETF联接A,招商基金,王平、刘重杰,2022-02-23,2.038,指数型-股票,中证红利指数收益率*95%+活期存款利率(税后)*5%,中证红利指数
2023-01-30,Market.CN,012644,招商中证红利ETF联接C,招商基金,王平、刘重杰,2022-02-23,2.038,指数型-股票,中证红利指数收益率*95%+活期存款利率(税后)*5%,中证红利指数
2023-01-30,Market.CN,012645,建信中证全指证券公司ETF联接A,建信基金,龚佳佳,2021-09-09,0.189,指数型-股票,中证全指证券公司指数收益率*95%+银行活期存款税后收益率*5%,中证全指证券公司指数
2023-01-30,Market.CN,012646,建信中证全指证券公司ETF联接C,建信基金,龚佳佳,2021-09-09,0.189,指数型-股票,中证全指证券公司指数收益率*95%+银行活期存款税后收益率*5%,中证全指证券公司指数
2023-01-30,Market.CN,012655,博时5G50ETF联接A,博时基金,尹浩,2021-07-14,0.425,指数型-股票,中证5G产业50指数收益率*95%+银行活期存款税后利率*5%,中证5G产业50指数
2023-01-30,Market.CN,012658,博时5G50ETF联接C,博时基金,尹浩,2021-07-14,0.425,指数型-股票,中证5G产业50指数收益率*95%+银行活期存款税后利率*5%,中证5G产业50指数
2023-01-30,Market.CN,012663,国寿安保沪港深300ETF联接A,国寿安保基金,李康,2022-02-25,2.241,指数型-股票,中证沪港深300指数收益率*95%+银行活期存款利率(税后)*5%,中证沪港深300指数
2023-01-30,Market.CN,012664,国寿安保沪港深300ETF联接C,国寿安保基金,李康,2022-02-25,2.241,指数型-股票,中证沪港深300指数收益率*95%+银行活期存款利率(税后)*5%,中证沪港深300指数
2023-01-30,Market.CN,012679,华泰柏瑞光伏ETF联接A,华泰柏瑞基金,李沐阳,2021-08-17,5.562,指数型-股票,中证光伏产业指数收益率*95%+银行活期存款利率(税后)*5%,中证光伏产业指数
2023-01-30,Market.CN,012680,华泰柏瑞光伏ETF联接C,华泰柏瑞基金,李沐阳,2021-08-17,5.562,指数型-股票,中证光伏产业指数收益率*95%+银行活期存款利率(税后)*5%,中证光伏产业指数
2023-01-30,Market.CN,012698,平安中证新能源汽车ETF发起联接A,平安基金,钱晶、成钧,2021-06-29,2.330,指数型-股票,中证新能源汽车产业指数收益率×95%+银行活期存款利率(税后)×5%,中证新能源汽车产业指数
2023-01-30,Market.CN,012699,平安中证新能源汽车ETF发起联接C,平安基金,钱晶、成钧,2021-06-29,2.330,指数型-股票,中证新能源汽车产业指数收益率×95%+银行活期存款利率(税后)×5%,中证新能源汽车产业指数
2023-01-30,Market.CN,012700,易方达中证全指证券公司ETF联接C,易方达基金,张湛,2022-03-02,2.561,指数型-股票,中证全指证券公司指数收益率*95%+活期存款利率(税后)*5%,中证全指证券公司指数
2023-01-30,Market.CN,012712,建信沪深300红利ETF联接A,建信基金,龚佳佳,2021-09-08,0.141,指数型-股票,沪深300红利指数收益率*95%+银行活期存款税后收益率*5%,沪深300红利指数
2023-01-30,Market.CN,012713,建信沪深300红利ETF联接C,建信基金,龚佳佳,2021-09-08,0.141,指数型-股票,沪深300红利指数收益率*95%+银行活期存款税后收益率*5%,沪深300红利指数
2023-01-30,Market.CN,012717,易方达中证科技50ETF联接A,易方达基金,张湛,2022-02-14,2.955,指数型-股票,中证科技50指数收益率*95%+活期存款利率(税后)*5%,中证科技50指数
2023-01-30,Market.CN,012718,易方达中证科技50ETF联接C,易方达基金,张湛,2022-02-14,2.955,指数型-股票,中证科技50指数收益率*95%+活期存款利率(税后)*5%,中证科技50指数
2023-01-30,Market.CN,012724,国泰中证畜牧养殖ETF联接A,国泰基金,梁杏,2021-07-02,0.145,指数型-股票,中证畜牧养殖指数收益率*95%+银行活期存款利率(税后)*5%,中证畜牧养殖指数
2023-01-30,Market.CN,012725,国泰中证畜牧养殖ETF联接C,国泰基金,梁杏,2021-07-02,0.145,指数型-股票,中证畜牧养殖指数收益率*95%+银行活期存款利率(税后)*5%,中证畜牧养殖指数
2023-01-30,Market.CN,012728,国泰中证动漫游戏ETF联接A,国泰基金,徐成城,2021-06-24,0.123,指数型-股票,中证动漫游戏指数收益率*95%+银行活期存款利率(税后)*5%,中证动漫游戏指数
2023-01-30,Market.CN,012729,国泰中证动漫游戏ETF联接C,国泰基金,徐成城,2021-06-24,0.123,指数型-股票,中证动漫游戏指数收益率*95%+银行活期存款利率(税后)*5%,中证动漫游戏指数
2023-01-30,Market.CN,012730,国泰中证细分化工产业主题ETF联接A,国泰基金,王玉,2021-06-24,0.106,指数型-股票,中证细分化工产业主题指数收益率*95%+银行活期存款利率(税后)*5%,中证细分化工产业主题全收益指数
2023-01-30,Market.CN,012731,国泰中证细分化工产业主题ETF联接C,国泰基金,王玉,2021-06-24,0.106,指数型-股票,中证细分化工产业主题指数收益率*95%+银行活期存款利率(税后)*5%,中证细分化工产业主题全收益指数
2023-01-30,Market.CN,012733,易方达中证人工智能主题ETF联接A,易方达基金,张湛,2022-03-01,2.289,指数型-股票,中证人工智能主题指数收益率*95%+活期存款利率(税后)*5%,中证人工智能主题指数
2023-01-30,Market.CN,012734,易方达中证人工智能主题ETF联接C,易方达基金,张湛,2022-03-01,2.289,指数型-股票,中证人工智能主题指数收益率*95%+活期存款利率(税后)*5%,中证人工智能主题指数
2023-01-30,Market.CN,012737,广发中证创新药产业ETF联接A,广发基金,罗国庆,2021-07-07,2.010,指数型-股票,中证创新药产业指数收益率×95%+活期存款利率(税后)×5%,中证创新药产业指数
2023-01-30,Market.CN,012738,广发中证创新药产业ETF联接C,广发基金,罗国庆,2021-07-07,2.010,指数型-股票,中证创新药产业指数收益率×95%+活期存款利率(税后)×5%,中证创新药产业指数
2023-01-30,Market.CN,012759,工银沪港深互联网ETF发起式联接A,工银瑞信基金,史宝珖,2021-11-26,0.196,指数型-股票,中证沪港深互联网指数收益率*95%+银行人民币活期存款利率(税后)*5%,中证沪港深互联网人民币指数
2023-01-30,Market.CN,012760,工银沪港深互联网ETF发起式联接C,工银瑞信基金,史宝珖,2021-11-26,0.196,指数型-股票,中证沪港深互联网指数收益率*95%+银行人民币活期存款利率(税后)*5%,中证沪港深互联网人民币指数
2023-01-30,Market.CN,012761,华泰柏瑞上证红利ETF联接A,华泰柏瑞基金,李茜,2021-11-15,2.696,指数型-股票,上证红利指数收益率*95%+银行活期存款利率(税后)*5%,上证红利指数
2023-01-30,Market.CN,012762,华泰柏瑞上证红利ETF联接C,华泰柏瑞基金,李茜,2021-11-15,2.696,指数型-股票,上证红利指数收益率*95%+银行活期存款利率(税后)*5%,上证红利指数
2023-01-30,Market.CN,012768,华夏中证动漫游戏ETF联接A,华夏基金,徐猛,2021-08-31,0.157,指数型-股票,中证动漫游戏指数收益率*95%+人民币活期存款税后利率*5%,中证动漫游戏指数
2023-01-30,Market.CN,012769,华夏中证动漫游戏ETF联接C,华夏基金,徐猛,2021-08-31,0.157,指数型-股票,中证动漫游戏指数收益率*95%+人民币活期存款税后利率*5%,中证动漫游戏指数
2023-01-30,Market.CN,012781,银华中证创新药产业ETF发起式联接A,银华基金,王帅,2021-12-30,0.125,指数型-股票,中证创新药产业指数收益率*95%+银行活期存款利率(税后)*5%,中证创新药产业指数
2023-01-30,Market.CN,012782,银华中证创新药产业ETF发起式联接C,银华基金,王帅,2021-12-30,0.125,指数型-股票,中证创新药产业指数收益率*95%+银行活期存款利率(税后)*5%,中证创新药产业指数
2023-01-30,Market.CN,012801,富国中证医药50ETF联接A,富国基金,牛志冬,2021-12-24,2.215,指数型-股票,中证医药50指数收益率*95%+银行活期存款利率(税后)*5%,中证医药50指数
2023-01-30,Market.CN,012802,富国中证医药50ETF联接C,富国基金,牛志冬,2021-12-24,2.215,指数型-股票,中证医药50指数收益率*95%+银行活期存款利率(税后)*5%,中证医药50指数
2023-01-30,Market.CN,012831,南方中证新能源ETF联接A,南方基金,龚涛,2021-08-24,3.115,指数型-股票,中证新能源指数收益率*95%+银行活期存款利率(税后)*5%,中证新能源指数
2023-01-30,Market.CN,012832,南方中证新能源ETF联接C,南方基金,龚涛,2021-08-24,3.115,指数型-股票,中证新能源指数收益率*95%+银行活期存款利率(税后)*5%,中证新能源指数
2023-01-30,Market.CN,012857,汇添富中证主要消费ETF联接C,汇添富基金,过蓓蓓,2021-07-09,--,指数型-股票,中证主要消费指数收益率*95%+银行活期存款利率(税后)*5%,中证主要消费指数
2023-01-30,Market.CN,012862,汇添富中证电池主题ETF发起式联接A,汇添富基金,董瑾,2021-08-11,2.383,指数型-股票,中证电池主题指数收益率*95%+银行人民币活期存款利率(税后)*5%,中证电池主题指数
2023-01-30,Market.CN,012863,汇添富中证电池主题ETF发起式联接C,汇添富基金,董瑾,2021-08-11,2.383,指数型-股票,中证电池主题指数收益率*95%+银行人民币活期存款利率(税后)*5%,中证电池主题指数
2023-01-30,Market.CN,012882,工银科技龙头ETF发起式联接A,工银瑞信基金,刘伟琳,2021-07-22,0.271,指数型-股票,中证科技龙头指数收益率*95%+银行人民币活期存款利率(税后)*5%,中证科技龙头指数
2023-01-30,Market.CN,012883,工银科技龙头ETF发起式联接C,工银瑞信基金,刘伟琳,2021-07-22,0.271,指数型-股票,中证科技龙头指数收益率*95%+银行人民币活期存款利率(税后)*5%,中证科技龙头指数
2023-01-30,Market.CN,012894,天弘中证科创创业50ETF联接A,天弘基金,林心龙,2021-07-16,29.977,指数型-股票,中证科创创业50指数收益率*95%+银行活期存款利率(税后)*5%,中证科创创业50指数
2023-01-30,Market.CN,012895,天弘中证科创创业50ETF联接C,天弘基金,林心龙,2021-07-16,29.977,指数型-股票,中证科创创业50指数收益率*95%+银行活期存款利率(税后)*5%,中证科创创业50指数
2023-01-30,Market.CN,012907,鹏扬中证科创创业50ETF联接A,鹏扬基金,施红俊,2021-07-16,27.188,指数型-股票,中证科创创业50指数收益率*95%+银行活期存款利率(税后)*5%,中证科创创业50指数
2023-01-30,Market.CN,012908,鹏扬中证科创创业50ETF联接C,鹏扬基金,施红俊,2021-07-16,27.188,指数型-股票,中证科创创业50指数收益率*95%+银行活期存款利率(税后)*5%,中证科创创业50指数
2023-01-30,Market.CN,012928,银华中证光伏ETF发起式联接A,银华基金,马君,2022-04-20,0.266,指数型-股票,中证光伏产业指数收益率*95%+银行活期存款利率(税后)*5%,中证光伏产业指数
2023-01-30,Market.CN,012929,银华中证光伏ETF发起式联接C,银华基金,马君,2022-04-20,0.266,指数型-股票,中证光伏产业指数收益率*95%+银行活期存款利率(税后)*5%,中证光伏产业指数
2023-01-30,Market.CN,012961,招商创业板大盘ETF联接A,招商基金,苏燕青,2022-03-29,3.335,指数型-股票,创业板大盘指数收益率*95%+活期存款利率(税后)*5%,创业板大盘指数
2023-01-30,Market.CN,012962,招商创业板大盘ETF联接C,招商基金,苏燕青,2022-03-29,3.335,指数型-股票,创业板大盘指数收益率*95%+活期存款利率(税后)*5%,创业板大盘指数
2023-01-30,Market.CN,012969,鹏华国证半导体芯片ETF联接A,鹏华基金,罗英宇,2021-08-24,2.334,指数型-股票,国证半导体芯片指数收益率*95%+活期存款利率(税后)*5%,国证半导体芯片指数
2023-01-30,Market.CN,012970,鹏华国证半导体芯片ETF联接C,鹏华基金,罗英宇,2021-08-24,2.334,指数型-股票,国证半导体芯片指数收益率*95%+活期存款利率(税后)*5%,国证半导体芯片指数
2023-01-30,Market.CN,012973,国泰800汽车与零部件ETF联接A,国泰基金,徐成城,2021-08-03,0.107,指数型-股票,中证800汽车与零部件指数收益率*95%+银行活期存款利率(税后)*5%,中证800汽车与零部件指数
2023-01-30,Market.CN,012974,国泰800汽车与零部件ETF联接C,国泰基金,徐成城,2021-08-03,0.107,指数型-股票,中证800汽车与零部件指数收益率*95%+银行活期存款利率(税后)*5%,中证800汽车与零部件指数
2023-01-30,Market.CN,012979,大成恒生科技ETF发起式联接A,大成基金,冉凌浩,2021-09-09,0.263,QDII,恒生科技指数收益率*95%+银行活期存款税后利率*5%,恒生科技指数
2023-01-30,Market.CN,012980,大成恒生科技ETF发起式联接C,大成基金,冉凌浩,2021-09-09,0.263,QDII,恒生科技指数收益率*95%+银行活期存款税后利率*5%,恒生科技指数
2023-01-30,Market.CN,013011,工银中证创新药产业ETF发起式联接A,工银瑞信基金,邓皓友,2021-12-29,0.110,指数型-股票,中证创新药产业指数收益率*95%+银行人民币活期存款利率(税后)*5%,中证创新药产业指数
2023-01-30,Market.CN,013012,工银中证创新药产业ETF发起式联接C,工银瑞信基金,邓皓友,2021-12-29,0.110,指数型-股票,中证创新药产业指数收益率*95%+银行人民币活期存款利率(税后)*5%,中证创新药产业指数
2023-01-30,Market.CN,013013,华夏中证新能源汽车ETF发起式联接A,华夏基金,李俊,2021-09-09,1.052,指数型-股票,中证新能源汽车指数收益率*95%+人民币活期存款税后利率*5%,中证新能源汽车指数
2023-01-30,Market.CN,013014,华夏中证新能源汽车ETF发起式联接C,华夏基金,李俊,2021-09-09,1.052,指数型-股票,中证新能源汽车指数收益率*95%+人民币活期存款税后利率*5%,中证新能源汽车指数
2023-01-30,Market.CN,013019,国泰中证全指建筑材料ETF联接A,国泰基金,黄岳,2021-08-03,0.100,指数型-股票,中证全指建筑材料指数收益率*95%+银行活期存款利率(税后)*5%,中证全指建筑材料指数
2023-01-30,Market.CN,013020,国泰中证全指建筑材料ETF联接C,国泰基金,黄岳,2021-08-03,0.100,指数型-股票,中证全指建筑材料指数收益率*95%+银行活期存款利率(税后)*5%,中证全指建筑材料指数
2023-01-30,Market.CN,013105,华安中证光伏产业ETF发起式联接A,华安基金,刘璇子,2021-09-01,0.931,指数型-股票,中证光伏产业指数收益率*95%+商业银行税后活期存款利率*5%,中证光伏产业指数
2023-01-30,Market.CN,013106,华安中证光伏产业ETF发起式联接C,华安基金,刘璇子,2021-09-01,0.931,指数型-股票,中证光伏产业指数收益率*95%+商业银行税后活期存款利率*5%,中证光伏产业指数
2023-01-30,Market.CN,013125,华夏中证细分食品饮料产业主题ETF发起式联接A,华夏基金,徐猛,2021-10-26,0.308,指数型-股票,中证细分食品饮料产业主题指数收益率*95%+人民币活期存款税后利率*5%,细分食品
2023-01-30,Market.CN,013126,华夏中证细分食品饮料产业主题ETF发起式联接C,华夏基金,徐猛,2021-10-26,0.308,指数型-股票,中证细分食品饮料产业主题指数收益率*95%+人民币活期存款税后利率*5%,细分食品
2023-01-30,Market.CN,013127,汇添富恒生科技ETF联接发起式(QDII)A,汇添富基金,乐无穹,2021-10-26,0.275,QDII,经人民币汇率调整的恒生科技指数收益率*95%+商业银行活期存款利率(税后)*5%,恒生科技指数
2023-01-30,Market.CN,013128,汇添富恒生科技ETF联接发起式(QDII)C,汇添富基金,乐无穹,2021-10-26,0.275,QDII,经人民币汇率调整的恒生科技指数收益率*95%+商业银行活期存款利率(税后)*5%,恒生科技指数
2023-01-30,Market.CN,013162,广发沪港深科技龙头ETF联接A,广发基金,罗国庆,2021-08-25,0.154,指数型-股票,中证沪港深科技龙头指数(人民币)收益率*95%+活期存款利率(税后)*5%,中证沪港深科技龙头指数
2023-01-30,Market.CN,013163,广发沪港深科技龙头ETF联接C,广发基金,罗国庆,2021-08-25,0.154,指数型-股票,中证沪港深科技龙头指数(人民币)收益率*95%+活期存款利率(税后)*5%,中证沪港深科技龙头指数
2023-01-30,Market.CN,013171,华夏恒生互联网科技业ETF联接(QDII)A,华夏基金,徐猛、鲁亚运,2021-09-14,0.613,QDII,恒生互联网科技业指数收益率*95%+人民币活期存款税后利率*5%,恒生互联网科技业指数
2023-01-30,Market.CN,013172,华夏恒生互联网科技业ETF联接(QDII)C,华夏基金,徐猛、鲁亚运,2021-09-14,0.613,QDII,恒生互联网科技业指数收益率*95%+人民币活期存款税后利率*5%,恒生互联网科技业指数
2023-01-30,Market.CN,013177,华宝深证创新100ETF发起联接A,华宝基金,蒋俊阳,2021-09-07,0.441,指数型-股票,深证创新100指数收益率*95%+人民币银行活期存款利率(税后)*5%,深圳创新100指数
2023-01-30,Market.CN,013178,华宝深证创新100ETF发起联接C,华宝基金,蒋俊阳,2021-09-07,0.441,指数型-股票,深证创新100指数收益率*95%+人民币银行活期存款利率(税后)*5%,深圳创新100指数
2023-01-30,Market.CN,013179,广发国证新能源车电池ETF联接A,广发基金,罗国庆,2021-08-16,2.030,指数型-股票,国证新能源车电池指数收益率*95%+活期存款利率(税后)*5%,国证新能源车电池指数
2023-01-30,Market.CN,013180,广发国证新能源车电池ETF联接C,广发基金,罗国庆,2021-08-16,2.030,指数型-股票,国证新能源车电池指数收益率*95%+活期存款利率(税后)*5%,国证新能源车电池指数
2023-01-30,Market.CN,013218,国泰中证有色金属ETF发起联接A,国泰基金,徐成城,2021-08-13,0.117,指数型-股票,中证有色金属指数收益率*95%+银行活期存款利率(税后)*5%,中证有色金属指数
2023-01-30,Market.CN,013219,国泰中证有色金属ETF发起联接C,国泰基金,徐成城,2021-08-13,0.117,指数型-股票,中证有色金属指数收益率*95%+银行活期存款利率(税后)*5%,中证有色金属指数
2023-01-30,Market.CN,013286,富国上证指数ETF联接C,富国基金,王保合、方旻,2021-08-24,--,指数型-股票,上证综合指数收益率*95%+银行活期存款税后利率*5%,上证综合指数
2023-01-30,Market.CN,013298,南方中证科创创业50ETF联接A,南方基金,崔蕾,2021-08-19,5.122,指数型-股票,中证科创创业50指数收益率*95%+银行活期存款利率(税后)*5%,中证科创创业50指数
2023-01-30,Market.CN,013299,南方中证科创创业50ETF联接C,南方基金,崔蕾,2021-08-19,5.122,指数型-股票,中证科创创业50指数收益率*95%+银行活期存款利率(税后)*5%,中证科创创业50指数
2023-01-30,Market.CN,013302,招商中证科创创业50ETF联接A,招商基金,苏燕青,2021-08-24,2.507,指数型-股票,中证科创创业50指数收益率*95%+中国人民银行人民币活期存款利率(税后)*5%,中证科创创业50指数
2023-01-30,Market.CN,013303,招商中证科创创业50ETF联接C,招商基金,苏燕青,2021-08-24,2.507,指数型-股票,中证科创创业50指数收益率*95%+中国人民银行人民币活期存款利率(税后)*5%,中证科创创业50指数
2023-01-30,Market.CN,013304,易方达中证科创创业50ETF联接A,易方达基金,成曦、伍臣东,2021-08-24,20.340,指数型-股票,中证科创创业50指数收益率*95%+活期存款利率(税后)*5%,中证科创创业50指数
2023-01-30,Market.CN,013305,易方达中证科创创业50ETF联接C,易方达基金,成曦、伍臣东,2021-08-24,20.340,指数型-股票,中证科创创业50指数收益率*95%+活期存款利率(税后)*5%,中证科创创业50指数
2023-01-30,Market.CN,013306,国泰中证科创创业50ETF发起联接A,国泰基金,黄岳,2021-08-25,0.253,指数型-股票,中证科创创业50指数收益率*95%+银行活期存款利率(税后)*5%,中证科创创业50指数
2023-01-30,Market.CN,013307,国泰中证科创创业50ETF发起联接C,国泰基金,黄岳,2021-08-25,0.253,指数型-股票,中证科创创业50指数收益率*95%+银行活期存款利率(税后)*5%,中证科创创业50指数
2023-01-30,Market.CN,013308,易方达恒生科技ETF联接(QDII)A,易方达基金,成曦,2022-04-29,3.077,QDII,恒生科技指数收益率(使用估值汇率折算)*95%+活期存款利率(税后)*5%,恒生科技指数
2023-01-30,Market.CN,013309,易方达恒生科技ETF联接(QDII)C,易方达基金,成曦,2022-04-29,3.077,QDII,恒生科技指数收益率(使用估值汇率折算)*95%+活期存款利率(税后)*5%,恒生科技指数
2023-01-30,Market.CN,013310,华夏科创创业50ETF联接A,华夏基金,徐猛,2021-08-24,7.371,指数型-股票,中证科创创业50指数收益率*95%+人民币活期存款税后利率*5%,中证科创创业50指数
2023-01-30,Market.CN,013311,华夏科创创业50ETF联接C,华夏基金,徐猛,2021-08-24,7.371,指数型-股票,中证科创创业50指数收益率*95%+人民币活期存款税后利率*5%,中证科创创业50指数
2023-01-30,Market.CN,013313,富国中证科创创业50ETF联接A,富国基金,曹璐迪,2021-08-24,5.112,指数型-股票,中证科创创业50指数收益率*95%+银行活期存款利率(税后)*5%,中证科创创业50指数
2023-01-30,Market.CN,013314,富国中证科创创业50ETF联接C,富国基金,曹璐迪,2021-08-24,5.112,指数型-股票,中证科创创业50指数收益率*95%+银行活期存款利率(税后)*5%,中证科创创业50指数
2023-01-30,Market.CN,013315,嘉实中证科创创业50ETF发起联接A,嘉实基金,李直,2021-08-24,0.760,指数型-股票,中证科创创业50指数收益率*95%+银行活期存款利率(税后)*5%,中证科创创业50指数
2023-01-30,Market.CN,013316,嘉实中证科创创业50ETF发起联接C,嘉实基金,李直,2021-08-24,0.760,指数型-股票,中证科创创业50指数收益率*95%+银行活期存款利率(税后)*5%,中证科创创业50指数
2023-01-30,Market.CN,013317,华宝中证科创创业50ETF联接A,华宝基金,胡洁,2021-08-25,1.615,指数型-股票,中证科创创业50指数收益率*95%+人民币银行活期存款利率(税后)*5%,中证科创创业50指数
2023-01-30,Market.CN,013318,华宝中证科创创业50ETF联接C,华宝基金,胡洁,2021-08-25,1.615,指数型-股票,中证科创创业50指数收益率*95%+人民币银行活期存款利率(税后)*5%,中证科创创业50指数
2023-01-30,Market.CN,013319,华安中证新能源汽车ETF发起式联接A,华安基金,倪斌,2021-10-19,1.514,指数型-股票,中证新能源汽车指数收益率*95%+商业银行税后活期存款利率*5%,中证新能源汽车指数
2023-01-30,Market.CN,013320,华安中证新能源汽车ETF发起式联接C,华安基金,倪斌,2021-10-19,1.514,指数型-股票,中证新能源汽车指数收益率*95%+商业银行税后活期存款利率*5%,中证新能源汽车指数
2023-01-30,Market.CN,013402,华夏恒生科技ETF发起式联接(QDII)A,华夏基金,徐猛,2021-09-28,0.232,QDII,经人民币汇率调整的恒生科技指数收益率*95%+人民币活期存款税后利率*5%,恒生科技指数
2023-01-30,Market.CN,013403,华夏恒生科技ETF发起式联接(QDII)C,华夏基金,徐猛,2021-09-28,0.232,QDII,经人民币汇率调整的恒生科技指数收益率*95%+人民币活期存款税后利率*5%,恒生科技指数
2023-01-30,Market.CN,013415,永赢中证全指医疗器械ETF发起联接A,永赢基金,万纯,2021-11-22,0.393,指数型-股票,中证全指医疗器械指数收益率*95%+银行活期存款利率(税后)*5%,中证全指医疗器械指数
2023-01-30,Market.CN,013416,永赢中证全指医疗器械ETF发起联接C,永赢基金,万纯,2021-11-22,0.393,指数型-股票,中证全指医疗器械指数收益率*95%+银行活期存款利率(税后)*5%,中证全指医疗器械指数
2023-01-30,Market.CN,013425,博时标普500ETF联接美元汇(QDII)A,博时基金,万琼,2021-09-07,--,QDII,经人民币汇率调整的标的指数收益率*95%+人民币活期存款税后利率*5%,标准普尔500指数
2023-01-30,Market.CN,013443,建信创业板ETF联接E,建信基金,葛鲁禹,2021-09-06,--,指数型-股票,创业板指数收益率*95%+银行人民币活期存款税后利率*5%,创业板指数(价格)
2023-01-30,Market.CN,013444,建信上证50ETF发起联接E,建信基金,薛玲,2021-09-06,--,指数型-股票,上证50指数收益率*95%+银行活期存款税后利率*5%,上证50指数
2023-01-30,Market.CN,013447,华宝中证智能制造主题ETF发起式联接A,华宝基金,张放,2021-10-21,0.215,指数型-股票,中证智能制造主题指数收益率*95%+人民币银行活期存款利率(税后)*5%,中证智能制造主题指数
2023-01-30,Market.CN,013448,华宝中证智能制造主题ETF发起式联接C,华宝基金,张放,2021-10-21,0.215,指数型-股票,中证智能制造主题指数收益率*95%+人民币银行活期存款利率(税后)*5%,中证智能制造主题指数
2023-01-30,Market.CN,013473,华宝中证新材料ETF发起式联接A,华宝基金,陈建华,2021-10-14,0.403,指数型-股票,中证新材料主题指数,中证新材料主题指数
2023-01-30,Market.CN,013474,华宝中证新材料ETF发起式联接C,华宝基金,陈建华,2021-10-14,0.403,指数型-股票,中证新材料主题指数,中证新材料主题指数
2023-01-30,Market.CN,013475,华宝中证智能电动汽车ETF发起式联接A,华宝基金,陈建华,2021-11-02,0.969,指数型-股票,中证智能电动汽车指数收益率*95%+人民币银行活期存款利率(税后)*5%,中证智能电动汽车指数
2023-01-30,Market.CN,013476,华宝中证智能电动汽车ETF发起式联接C,华宝基金,陈建华,2021-11-02,0.969,指数型-股票,中证智能电动汽车指数收益率*95%+人民币银行活期存款利率(税后)*5%,中证智能电动汽车指数
2023-01-30,Market.CN,013477,华宝中证金融科技主题ETF发起式联接A,华宝基金,陈建华,2021-11-25,0.171,指数型-股票,中证金融科技主题指数收益率*95%+人民币银行活期存款利率(税后)*5%,中证金融科技主题指数
2023-01-30,Market.CN,013478,华宝中证金融科技主题ETF发起式联接C,华宝基金,陈建华,2021-11-25,0.171,指数型-股票,中证金融科技主题指数收益率*95%+人民币银行活期存款利率(税后)*5%,中证金融科技主题指数
2023-01-30,Market.CN,013499,博时标普500ETF联接美元汇(QDII)C,博时基金,万琼,2021-09-07,--,QDII,经人民币汇率调整的标的指数收益率*95%+人民币活期存款税后利率*5%,标准普尔500指数
2023-01-30,Market.CN,013502,易方达中证内地低碳经济主题ETF联接A,易方达基金,张湛,2022-04-07,2.915,指数型-股票,中证内地低碳经济主题指数收益率*95%+活期存款利率(税后)*5%,中证内地低碳经济主题指数
2023-01-30,Market.CN,013503,易方达中证内地低碳经济主题ETF联接C,易方达基金,张湛,2022-04-07,2.915,指数型-股票,中证内地低碳经济主题指数收益率*95%+活期存款利率(税后)*5%,中证内地低碳经济主题指数
2023-01-30,Market.CN,013601,国泰中证光伏产业ETF发起联接A,国泰基金,王玉,2021-10-20,0.105,指数型-股票,中证光伏产业指数收益率*95%+银行活期存款利率(税后)*5%,中证光伏产业指数
2023-01-30,Market.CN,013602,国泰中证光伏产业ETF发起联接C,国泰基金,王玉,2021-10-20,0.105,指数型-股票,中证光伏产业指数收益率*95%+银行活期存款利率(税后)*5%,中证光伏产业指数
2023-01-30,Market.CN,013605,华夏中证内地低碳经济主题ETF发起式联接A,华夏基金,严筱娴,2021-10-15,0.768,指数型-股票,中证内地低碳经济主题指数收益率*95%+人民币活期存款税后利率*5%,中证内地低碳经济主题指数
2023-01-30,Market.CN,013606,华夏中证内地低碳经济主题ETF发起式联接C,华夏基金,严筱娴,2021-10-15,0.768,指数型-股票,中证内地低碳经济主题指数收益率*95%+人民币活期存款税后利率*5%,中证内地低碳经济主题指数
2023-01-30,Market.CN,013810,广发科创板50ETF发起联接A,广发基金,陆志明,2021-10-20,0.237,指数型-股票,上证科创板50成份指数收益率*95%+活期存款利率(税后)*5%,上证科创板50成份指数
2023-01-30,Market.CN,013811,广发科创板50ETF发起联接C,广发基金,陆志明,2021-10-20,0.237,指数型-股票,上证科创板50成份指数收益率*95%+活期存款利率(税后)*5%,上证科创板50成份指数
2023-01-30,Market.CN,013833,国泰中证500ETF发起联接A,国泰基金,黄岳,2021-10-20,0.100,指数型-股票,中证500指数收益率*95%+银行活期存款利率(税后)*5%,中证500指数
2023-01-30,Market.CN,013834,国泰中证500ETF发起联接C,国泰基金,黄岳,2021-10-20,0.100,指数型-股票,中证500指数收益率*95%+银行活期存款利率(税后)*5%,中证500指数
2023-01-30,Market.CN,013893,国联安上证科创50ETF联接A,国联安基金,黄欣,2022-05-24,2.150,指数型-股票,上证科创板50成份指数收益率*95%+银行活期存款利率(税后)*5%,上证科创板50成份指数
2023-01-30,Market.CN,013894,国联安上证科创50ETF联接C,国联安基金,黄欣,2022-05-24,2.150,指数型-股票,上证科创板50成份指数收益率*95%+银行活期存款利率(税后)*5%,上证科创板50成份指数
2023-01-30,Market.CN,013907,永赢深创100ETF发起式联接A,永赢基金,万纯,2021-12-13,0.270,指数型-股票,深证创新100指数收益率*95%+银行活期存款利率(税后)*5%,深圳创新100指数
2023-01-30,Market.CN,013908,永赢深创100ETF发起式联接C,永赢基金,万纯,2021-12-13,0.270,指数型-股票,深证创新100指数收益率*95%+银行活期存款利率(税后)*5%,深圳创新100指数
2023-01-30,Market.CN,013922,华夏中证1000ETF发起式联接A,华夏基金,严筱娴,2022-01-25,0.158,指数型-股票,中证1000指数收益率*95%+人民币活期存款税后利率*5%,中证1000指数
2023-01-30,Market.CN,013923,华夏中证1000ETF发起式联接C,华夏基金,严筱娴,2022-01-25,0.158,指数型-股票,中证1000指数收益率*95%+人民币活期存款税后利率*5%,中证1000指数
2023-01-30,Market.CN,014099,博时中证科创创业50ETF发起式联接A,博时基金,尹浩,2021-12-01,0.155,指数型-股票,中证科创创业50指数收益率*95%+银行活期存款税后利率*5%,中证科创创业50指数
2023-01-30,Market.CN,014100,博时中证科创创业50ETF发起式联接C,博时基金,尹浩,2021-12-01,0.155,指数型-股票,中证科创创业50指数收益率*95%+银行活期存款税后利率*5%,中证科创创业50指数
2023-01-30,Market.CN,014110,嘉实中证稀有金属主题ETF发起联接A,嘉实基金,田光远,2021-12-01,0.608,指数型-股票,中证稀有金属主题指数收益率*95%+银行活期存款利率(税后)*5%,中证稀有金属主题指数
2023-01-30,Market.CN,014111,嘉实中证稀有金属主题ETF发起联接C,嘉实基金,田光远,2021-12-01,0.608,指数型-股票,中证稀有金属主题指数收益率*95%+银行活期存款利率(税后)*5%,中证稀有金属主题指数
2023-01-30,Market.CN,014117,国泰中证沪港深创新药产业ETF发起联接A,国泰基金,梁杏,2021-11-22,0.155,指数型-股票,中证沪港深创新药产业指数收益率*95%+银行活期存款利率(税后)*5%,中证沪港深创新药产业人民币指数
2023-01-30,Market.CN,014118,国泰中证沪港深创新药产业ETF发起联接C,国泰基金,梁杏,2021-11-22,0.155,指数型-股票,中证沪港深创新药产业指数收益率*95%+银行活期存款利率(税后)*5%,中证沪港深创新药产业人民币指数
2023-01-30,Market.CN,014303,华安中证内地新能源主题ETF发起式联接A,华安基金,刘璇子,2021-12-28,0.157,指数型-股票,中证内地新能源主题指数收益率*95%+商业银行税后活期存款利率*5%,中证内地新能源主题指数
2023-01-30,Market.CN,014304,华安中证内地新能源主题ETF发起式联接C,华安基金,刘璇子,2021-12-28,0.157,指数型-股票,中证内地新能源主题指数收益率*95%+商业银行税后活期存款利率*5%,中证内地新能源主题指数
2023-01-30,Market.CN,014331,华泰柏瑞中证稀土产业ETF发起式联接A,华泰柏瑞基金,谭弘翔,2021-12-14,0.873,指数型-股票,中证稀土产业指数收益率*95%+银行活期存款利率(税后)*5%,中证稀土产业指数
2023-01-30,Market.CN,014332,华泰柏瑞中证稀土产业ETF发起式联接C,华泰柏瑞基金,谭弘翔,2021-12-14,0.873,指数型-股票,中证稀土产业指数收益率*95%+银行活期存款利率(税后)*5%,中证稀土产业指数
2023-01-30,Market.CN,014406,富国中证新华社民族品牌工程ETF联接A,富国基金,蔡卡尔,2022-02-15,4.636,指数型-股票,中证新华社民族品牌工程指数收益率*95%+银行活期存款利率(税后)*5%,中证新华社民族品牌工程指数
2023-01-30,Market.CN,014407,富国中证新华社民族品牌工程ETF联接C,富国基金,蔡卡尔,2022-02-15,4.636,指数型-股票,中证新华社民族品牌工程指数收益率*95%+银行活期存款利率(税后)*5%,中证新华社民族品牌工程指数
2023-01-30,Market.CN,014414,招商中证畜牧养殖ETF联接A,招商基金,刘重杰,2022-04-19,2.183,指数型-股票,中证畜牧养殖指数收益率*95%+中国人民银行人民币活期存款利率(税后)*5%,中证畜牧养殖指数
2023-01-30,Market.CN,014415,招商中证畜牧养殖ETF联接C,招商基金,刘重杰,2022-04-19,2.183,指数型-股票,中证畜牧养殖指数收益率*95%+中国人民银行人民币活期存款利率(税后)*5%,中证畜牧养殖指数
2023-01-30,Market.CN,014424,博时恒生医疗保健ETF发起式联接(QDII)A,博时基金,万琼,2021-12-28,0.361,QDII,恒生医疗保健指数收益率(经估值汇率调整后)*95%+银行活期存款利率(税后)*5%,恒生医疗保健指数
2023-01-30,Market.CN,014425,博时恒生医疗保健ETF发起式联接(QDII)C,博时基金,万琼,2021-12-28,0.361,QDII,恒生医疗保健指数收益率(经估值汇率调整后)*95%+银行活期存款利率(税后)*5%,恒生医疗保健指数
2023-01-30,Market.CN,014431,华夏中证新材料主题ETF发起式联接A,华夏基金,严筱娴,2022-01-12,0.893,指数型-股票,中证新材料主题指数收益率*95%+人民币活期存款税后利率*5%,中证新材料主题指数
2023-01-30,Market.CN,014432,华夏中证新材料主题ETF发起式联接C,华夏基金,严筱娴,2022-01-12,0.893,指数型-股票,中证新材料主题指数收益率*95%+人民币活期存款税后利率*5%,中证新材料主题指数
2023-01-30,Market.CN,014438,博时恒生科技ETF发起式联接(QDII)A,博时基金,万琼,2021-12-21,0.195,QDII,恒生科技指数收益率(经估值汇率调整后)*95%+银行活期存款利率(税后)*5%,恒生科技指数
2023-01-30,Market.CN,014439,博时恒生科技ETF发起式联接(QDII)C,博时基金,万琼,2021-12-21,0.195,QDII,恒生科技指数收益率(经估值汇率调整后)*95%+银行活期存款利率(税后)*5%,恒生科技指数
2023-01-30,Market.CN,014519,博时恒生高股息率ETF发起式联接A,博时基金,万琼,2022-01-10,0.107,指数型-股票,恒生港股通高股息率指数收益率(经估值汇率调整后)*95%+银行活期存款利率(税后)*5%,恒生港股通高股息率指数
2023-01-30,Market.CN,014520,博时恒生高股息率ETF发起式联接C,博时基金,万琼,2022-01-10,0.107,指数型-股票,恒生港股通高股息率指数收益率(经估值汇率调整后)*95%+银行活期存款利率(税后)*5%,恒生港股通高股息率指数
2023-01-30,Market.CN,014528,汇添富MSCI中国A50互联互通ETF联接A,汇添富基金,吴振翔、乐无穹,2022-01-11,20.995,指数型-股票,MSCI中国A50互联互通人民币指数收益率*95%+银行人民币活期存款利率(税后)*5%,MSCI中国A50互联互通人民币指数
2023-01-30,Market.CN,014529,汇添富MSCI中国A50互联互通ETF联接C,汇添富基金,吴振翔、乐无穹,2022-01-11,20.995,指数型-股票,MSCI中国A50互联互通人民币指数收益率*95%+银行人民币活期存款利率(税后)*5%,MSCI中国A50互联互通人民币指数
2023-01-30,Market.CN,014530,华夏MSCI中国A50互联互通ETF发起式联接A,华夏基金,荣膺,2021-12-28,13.998,指数型-股票,MSCI中国A50互联互通人民币指数收益率*95%+人民币活期存款税后利率*5%,MSCI中国A50互联互通人民币指数
2023-01-30,Market.CN,014531,华夏MSCI中国A50互联互通ETF发起式联接C,华夏基金,荣膺,2021-12-28,13.998,指数型-股票,MSCI中国A50互联互通人民币指数收益率*95%+人民币活期存款税后利率*5%,MSCI中国A50互联互通人民币指数
2023-01-30,Market.CN,014532,易方达MSCI中国A50互联互通ETF联接A,易方达基金,林伟斌、宋钊贤,2021-12-28,32.464,指数型-股票,MSCI中国A50互联互通人民币指数收益率*95%+活期存款利率(税后)*5%,MSCI中国A50互联互通人民币指数
2023-01-30,Market.CN,014533,易方达MSCI中国A50互联互通ETF联接C,易方达基金,林伟斌、宋钊贤,2021-12-28,32.464,指数型-股票,MSCI中国A50互联互通人民币指数收益率*95%+活期存款利率(税后)*5%,MSCI中国A50互联互通人民币指数
2023-01-30,Market.CN,014534,南方MSCI中国A50互联互通ETF联接A,南方基金,李佳亮,2022-01-10,6.998,指数型-股票,MSCI中国A50互联互通指数(人民币)收益率*95%+银行活期存款利率(税后)*5%,MSCI中国A50互联互通人民币指数
2023-01-30,Market.CN,014535,南方MSCI中国A50互联互通ETF联接C,南方基金,李佳亮,2022-01-10,6.998,指数型-股票,MSCI中国A50互联互通指数(人民币)收益率*95%+银行活期存款利率(税后)*5%,MSCI中国A50互联互通人民币指数
2023-01-30,Market.CN,014564,天弘恒生沪深港创新药精选50ETF发起联接A,天弘基金,杨超、胡超、贺雨轩,2022-05-06,0.108,指数型-股票,恒生沪深港创新药精选50指数收益率*95%+银行活期存款利率(税后)*5%,恒生沪深港创新药精选50指数
2023-01-30,Market.CN,014565,天弘恒生沪深港创新药精选50ETF发起联接C,天弘基金,杨超、胡超、贺雨轩,2022-05-06,0.108,指数型-股票,恒生沪深港创新药精选50指数收益率*95%+银行活期存款利率(税后)*5%,恒生沪深港创新药精选50指数
2023-01-30,Market.CN,014632,华安中证电子50ETF发起式联接A,华安基金,许之彦,2022-05-27,0.119,指数型-股票,中证电子50指数收益率*95%+商业银行税后活期存款利率*5%,中证电子50指数
2023-01-30,Market.CN,014633,华安中证电子50ETF发起式联接C,华安基金,许之彦,2022-05-27,0.119,指数型-股票,中证电子50指数收益率*95%+商业银行税后活期存款利率*5%,中证电子50指数
2023-01-30,Market.CN,014661,天弘上海金ETF发起联接A,天弘基金,沙川、陈瑶,2022-03-02,0.126,商品（不含QDII）,上海黄金交易所上海金集中定价合约(合约代码:SHAU)的午盘基准价格收益率*95%+银行活期存款利率(税后)*5%,该基金无跟踪标的
2023-01-30,Market.CN,014662,天弘上海金ETF发起联接C,天弘基金,沙川、陈瑶,2022-03-02,0.126,商品（不含QDII）,上海黄金交易所上海金集中定价合约(合约代码:SHAU)的午盘基准价格收益率*95%+银行活期存款利率(税后)*5%,该基金无跟踪标的
2023-01-30,Market.CN,014673,富国中证港股通互联网ETF发起式联接A,富国基金,蔡卡尔,2022-01-11,0.134,指数型-股票,中证港股通互联网指数收益率*95%+银行活期存款利率(税后)*5%,中证港股通互联网指数
2023-01-30,Market.CN,014674,富国中证港股通互联网ETF发起式联接C,富国基金,蔡卡尔,2022-01-11,0.134,指数型-股票,中证港股通互联网指数收益率*95%+银行活期存款利率(税后)*5%,中证港股通互联网指数
2023-01-30,Market.CN,014689,国泰中证港股通50ETF发起联接A,国泰基金,王玉,2021-12-31,0.100,指数型-股票,中证港股通50指数收益率(经估值汇率调整)*95%+银行活期存款利率(税后)*5%,中证港股通50港元指数
2023-01-30,Market.CN,014690,国泰中证港股通50ETF发起联接C,国泰基金,王玉,2021-12-31,0.100,指数型-股票,中证港股通50指数收益率(经估值汇率调整)*95%+银行活期存款利率(税后)*5%,中证港股通50港元指数
2023-01-30,Market.CN,014776,富国中证芯片产业ETF发起式联接A,富国基金,张圣贤,2022-01-18,0.129,指数型-股票,中证芯片产业指数收益率*95%+银行活期存款利率(税后)*5%,中证芯片产业指数
2023-01-30,Market.CN,014777,富国中证芯片产业ETF发起式联接C,富国基金,张圣贤,2022-01-18,0.129,指数型-股票,中证芯片产业指数收益率*95%+银行活期存款利率(税后)*5%,中证芯片产业指数
2023-01-30,Market.CN,014906,国泰中证消费电子主题ETF发起联接A,国泰基金,黄岳,2022-02-16,0.100,指数型-股票,中证消费电子主题指数收益率*95%+银行活期存款利率(税后)*5%,中证消费电子主题指数
2023-01-30,Market.CN,014907,国泰中证消费电子主题ETF发起联接C,国泰基金,黄岳,2022-02-16,0.100,指数型-股票,中证消费电子主题指数收益率*95%+银行活期存款利率(税后)*5%,中证消费电子主题指数
2023-01-30,Market.CN,014908,国泰中证新材料主题ETF发起联接A,国泰基金,王玉,2022-02-16,0.100,指数型-股票,中证新材料主题指数收益率*95%+银行活期存款利率(税后)*5%,中证新材料主题指数
2023-01-30,Market.CN,014909,国泰中证新材料主题ETF发起联接C,国泰基金,王玉,2022-02-16,0.100,指数型-股票,中证新材料主题指数收益率*95%+银行活期存款利率(税后)*5%,中证新材料主题指数
2023-01-30,Market.CN,014942,鹏华中证细分化工产业主题ETF联接A,鹏华基金,闫冬,2022-03-08,3.850,指数型-股票,中证细分化工产业主题指数收益率*95%+银行人民币活期存款利率(税后)*5%,细分化工
2023-01-30,Market.CN,014943,鹏华中证细分化工产业主题ETF联接C,鹏华基金,闫冬,2022-03-08,3.850,指数型-股票,中证细分化工产业主题指数收益率*95%+银行人民币活期存款利率(税后)*5%,细分化工
2023-01-30,Market.CN,014978,华安纳斯达克100ETF联接(QDII)C,华安基金,倪斌,2022-02-22,--,QDII,纳斯达克100指数收益率(经汇率调整)*95%+人民币活期存款税后利率*5%,该基金无跟踪标的
2023-01-30,Market.CN,014979,华安上证180ETF联接C,华安基金,许之彦,2022-02-22,--,指数型-股票,上证180指数收益率*95%+商业银行税后活期存款利率*5%,上证180指数
2023-01-30,Market.CN,014980,华安上证龙头企业ETF联接C,华安基金,刘璇子,2022-02-22,--,指数型-股票,上证龙头企业指数收益率*95%+商业银行税后活期存款利率*5%,上证龙头
2023-01-30,Market.CN,014994,国泰上证180金融ETF联接C,国泰基金,艾小军,2022-02-15,--,指数型-股票,上证180金融股指数收益率*95%+银行活期存款利率(税后)*5%,上证180金融股指数
2023-01-30,Market.CN,015282,华安恒生科技ETF发起式联接(QDII)A,华安基金,苏卿云、倪斌,2022-04-19,0.164,QDII,恒生科技指数收益率(经汇率调整)*95%+商业银行税后活期存款利率*5%,恒生科技指数
2023-01-30,Market.CN,015283,华安恒生科技ETF发起式联接(QDII)C,华安基金,苏卿云、倪斌,2022-04-19,0.164,QDII,恒生科技指数收益率(经汇率调整)*95%+商业银行税后活期存款利率*5%,恒生科技指数
2023-01-30,Market.CN,015299,华夏纳斯达克100ETF发起式联接(QDII)A,华夏基金,赵宗庭,2022-04-14,0.181,QDII,经人民币汇率调整的标的指数收益率*95%+人民币活期存款税后利率*5%,该基金无跟踪标的
2023-01-30,Market.CN,015300,华夏纳斯达克100ETF发起式联接(QDII)C,华夏基金,赵宗庭,2022-04-14,0.181,QDII,经人民币汇率调整的标的指数收益率*95%+人民币活期存款税后利率*5%,该基金无跟踪标的
2023-01-30,Market.CN,015310,华泰柏瑞恒生科技ETF联接(QDII)A,华泰柏瑞基金,柳军,2022-08-23,2.702,QDII,恒生科技指数收益率(使用估值汇率折算)*95%+银行活期存款利率(税后)*5%,恒生科技指数
2023-01-30,Market.CN,015311,华泰柏瑞恒生科技ETF联接(QDII)C,华泰柏瑞基金,柳军,2022-08-23,2.702,QDII,恒生科技指数收益率(使用估值汇率折算)*95%+银行活期存款利率(税后)*5%,恒生科技指数
2023-01-30,Market.CN,015518,华夏纳斯达克100ETF发起式联接(QDII)A美元现汇,华夏基金,赵宗庭,2022-04-14,0.181,QDII,经人民币汇率调整的标的指数收益率*95%+人民币活期存款税后利率*5%,该基金无跟踪标的
2023-01-30,Market.CN,015577,国联安上证商品ETF联接C,国联安基金,黄欣,2022-05-13,--,指数型-股票,上证大宗商品股票指数收益率*95%+银行活期存款利率(税后)*5%,上证商品
2023-01-30,Market.CN,015739,国泰中证港股通科技ETF发起联接A,国泰基金,吴向军、苗梦羽,2022-06-07,0.100,指数型-股票,中证港股通科技指数(人民币)收益率*95%+银行活期存款利率(税后)*5%,中证港股通科技人民币指数
2023-01-30,Market.CN,015740,国泰中证港股通科技ETF发起联接C,国泰基金,吴向军、苗梦羽,2022-06-07,0.100,指数型-股票,中证港股通科技指数(人民币)收益率*95%+银行活期存款利率(税后)*5%,中证港股通科技人民币指数
2023-01-30,Market.CN,015761,银华中证基建ETF发起式联接A,银华基金,马君,2022-06-02,4.607,指数型-股票,中证基建指数收益率*95%+银行活期存款利率(税后)*5%,中证基建指数
2023-01-30,Market.CN,015762,银华中证基建ETF发起式联接C,银华基金,马君,2022-06-02,4.607,指数型-股票,中证基建指数收益率*95%+银行活期存款利率(税后)*5%,中证基建指数
2023-01-30,Market.CN,015787,鹏扬中证数字经济主题ETF发起联接A,鹏扬基金,施红俊,2022-09-26,0.187,指数型-股票,中证数字经济主题指数收益率*95%+银行活期存款利率(税后)*5%,中证数字经济主题指数
2023-01-30,Market.CN,015788,鹏扬中证数字经济主题ETF发起联接C,鹏扬基金,施红俊,2022-09-26,0.187,指数型-股票,中证数字经济主题指数收益率*95%+银行活期存款利率(税后)*5%,中证数字经济主题指数
2023-01-30,Market.CN,015808,汇添富中证电池主题ETF发起式联接D,汇添富基金,董瑾,2022-05-23,--,指数型-股票,中证电池主题指数收益率*95%+银行人民币活期存款利率(税后)*5%,中证电池主题指数
2023-01-30,Market.CN,015871,景顺长城国证新能源车电池ETF联接A,景顺长城基金,张晓南,2022-06-06,0.101,指数型-股票,国证新能源车电池指数收益率*95%+人民币活期存款税后利率*5%,国证新能源车电池指数
2023-01-30,Market.CN,015872,景顺长城国证新能源车电池ETF联接C,景顺长城基金,张晓南,2022-06-06,0.101,指数型-股票,国证新能源车电池指数收益率*95%+人民币活期存款税后利率*5%,国证新能源车电池指数
2023-01-30,Market.CN,015873,工银国证新能源车电池ETF发起式联接A,工银瑞信基金,刘伟琳,2022-07-04,4.378,指数型-股票,国证新能源车电池指数收益率*95%+银行人民币活期存款利率(税后)*5%,国证新能源车电池指数
2023-01-30,Market.CN,015874,工银国证新能源车电池ETF发起式联接C,工银瑞信基金,刘伟琳,2022-07-04,4.378,指数型-股票,国证新能源车电池指数收益率*95%+银行人民币活期存款利率(税后)*5%,国证新能源车电池指数
2023-01-30,Market.CN,015876,富国中证消费电子主题ETF发起式联接A,富国基金,张圣贤,2022-06-14,0.186,指数型-股票,中证消费电子主题指数收益率*95%+银行活期存款利率(税后)*5%,中证消费电子主题指数
2023-01-30,Market.CN,015877,富国中证消费电子主题ETF发起式联接C,富国基金,张圣贤,2022-06-14,0.186,指数型-股票,中证消费电子主题指数收益率*95%+银行活期存款利率(税后)*5%,中证消费电子主题指数
2023-01-30,Market.CN,015878,富国中证农业主题ETF联接A,富国基金,张圣贤,2022-08-19,7.909,指数型-股票,中证农业主题指数收益率*95%+银行活期存款利率(税后)*5%,中证农业主题指数
2023-01-30,Market.CN,015879,富国中证农业主题ETF联接C,富国基金,张圣贤,2022-08-19,7.909,指数型-股票,中证农业主题指数收益率*95%+银行活期存款利率(税后)*5%,中证农业主题指数
2023-01-30,Market.CN,015894,平安中证消费电子主题ETF发起式联接A,平安基金,钱晶,2022-07-19,0.406,指数型-股票,中证消费电子主题指数收益率*95%+银行活期存款利率(税后)*5%,中证消费电子主题指数
2023-01-30,Market.CN,015895,平安中证消费电子主题ETF发起式联接C,平安基金,钱晶,2022-07-19,0.406,指数型-股票,中证消费电子主题指数收益率*95%+银行活期存款利率(税后)*5%,中证消费电子主题指数
2023-01-30,Market.CN,015906,兴业沪深300ETF发起联接A,兴业基金,那赛男,2022-08-30,0.638,指数型-股票,沪深300指数收益率*95%+银行人民币活期存款利率(税后)*5%,沪深300指数
2023-01-30,Market.CN,015907,兴业沪深300ETF发起联接C,兴业基金,那赛男,2022-08-30,0.638,指数型-股票,沪深300指数收益率*95%+银行人民币活期存款利率(税后)*5%,沪深300指数
2023-01-30,Market.CN,016002,博时保证金货币ETFC,博时基金,鲁邦旺,2022-06-24,--,货币型,七天通知存款税后利率,该基金无跟踪标的
2023-01-30,Market.CN,016007,招商中证消费电子主题ETF联接A,招商基金,苏燕青,,--,指数型-股票,中证消费电子主题指数收益率*95%+中国人民银行人民币活期存款利率(税后)*5%,中证消费电子主题指数
2023-01-30,Market.CN,016008,招商中证消费电子主题ETF联接C,招商基金,苏燕青,,--,指数型-股票,中证消费电子主题指数收益率*95%+中国人民银行人民币活期存款利率(税后)*5%,中证消费电子主题指数
2023-01-30,Market.CN,016019,招商中证电池主题ETF联接A,招商基金,许荣漫,2022-07-12,2.068,指数型-股票,中证电池主题指数收益率*95%+中国人民银行人民币活期存款利率(税后)*5%,中证电池主题指数
2023-01-30,Market.CN,016020,招商中证电池主题ETF联接C,招商基金,许荣漫,2022-07-12,2.068,指数型-股票,中证电池主题指数收益率*95%+中国人民银行人民币活期存款利率(税后)*5%,中证电池主题指数
2023-01-30,Market.CN,016077,华夏中证农业主题ETF发起联接A,华夏基金,鲁亚运,2022-08-19,0.240,指数型-股票,中证农业主题指数收益率*95%+人民币活期存款税后利率*5%,中证农业主题指数
2023-01-30,Market.CN,016078,华夏中证农业主题ETF发起联接C,华夏基金,鲁亚运,2022-08-19,0.240,指数型-股票,中证农业主题指数收益率*95%+人民币活期存款税后利率*5%,中证农业主题指数
2023-01-30,Market.CN,016128,景顺长城中证红利低波动100ETF发起联接A,景顺长城基金,张晓南,2022-08-02,0.234,指数型-股票,中证红利低波动100指数收益率*95%+人民币活期存款税后利率*5%,中证红利低波动100指数
2023-01-30,Market.CN,016129,景顺长城中证红利低波动100ETF发起联接C,景顺长城基金,张晓南,2022-08-02,0.234,指数型-股票,中证红利低波动100指数收益率*95%+人民币活期存款税后利率*5%,中证红利低波动100指数
2023-01-30,Market.CN,016185,广发中证全指电力ETF发起式联接A,广发基金,陆志明,2022-07-19,0.262,指数型-股票,中证全指电力公用事业指数收益率*95%+活期存款利率(税后)*5%,中证全指电力公用事业指数
2023-01-30,Market.CN,016186,广发中证全指电力ETF发起式联接C,广发基金,陆志明,2022-07-19,0.262,指数型-股票,中证全指电力公用事业指数收益率*95%+活期存款利率(税后)*5%,中证全指电力公用事业指数
2023-01-30,Market.CN,016225,申万菱信中证内地新能源主题ETF发起联接A,申万菱信基金,王赟杰,2022-09-19,0.220,指数型-股票,中证内地新能源主题指数收益率*95%+银行活期存款利率(税后)*5%,中证内地新能源主题指数
2023-01-30,Market.CN,016226,申万菱信中证内地新能源主题ETF发起联接C,申万菱信基金,王赟杰,2022-09-19,0.220,指数型-股票,中证内地新能源主题指数收益率*95%+银行活期存款利率(税后)*5%,中证内地新能源主题指数
2023-01-30,Market.CN,016349,景顺长城国证新能源车电池ETF联接D,景顺长城基金,张晓南,2022-08-05,--,指数型-股票,国证新能源车电池指数收益率*95%+人民币活期存款税后利率*5%,国证新能源车电池指数
2023-01-30,Market.CN,016357,易方达中证长江保护主题ETF联接发起式A,易方达基金,刘树荣,,--,指数型-股票,中证长江保护主题指数收益率*95%+活期存款利率(税后)*5%,中证长江保护主题指数
2023-01-30,Market.CN,016358,易方达中证长江保护主题ETF联接发起式C,易方达基金,刘树荣,,--,指数型-股票,中证长江保护主题指数收益率*95%+活期存款利率(税后)*5%,中证长江保护主题指数
2023-01-30,Market.CN,016363,招商中证红利ETF联接E,招商基金,王平、刘重杰,2022-07-28,--,指数型-股票,中证红利指数收益率*95%+活期存款利率(税后)*5%,中证红利指数
2023-01-30,Market.CN,016437,银华巨潮小盘价值ETF联接C,银华基金,张亦驰、谭跃峰,2022-08-10,--,指数型-股票,巨潮小盘价值指数收益率*95%+银行活期存款利率(税后)*5%,巨潮小盘价值指数
2023-01-30,Market.CN,016440,华夏中证红利质量ETF发起联接A,华夏基金,严筱娴,2022-09-14,0.190,指数型-股票,中证红利质量指数收益率*95%+人民币活期存款税后利率*5%,中证红利质量指数
2023-01-30,Market.CN,016441,华夏中证红利质量ETF发起联接C,华夏基金,严筱娴,2022-09-14,0.190,指数型-股票,中证红利质量指数收益率*95%+人民币活期存款税后利率*5%,中证红利质量指数
2023-01-30,Market.CN,016495,景顺长城中证港股通科技ETF发起联接A,景顺长城基金,张晓南,2022-09-01,0.104,指数型-股票,中证港股通科技指数(人民币)收益率*95%+人民币活期存款税后利率*5%,中证港股通科技人民币指数
2023-01-30,Market.CN,016496,景顺长城中证港股通科技ETF发起联接C,景顺长城基金,张晓南,2022-09-01,0.104,指数型-股票,中证港股通科技指数(人民币)收益率*95%+人民币活期存款税后利率*5%,中证港股通科技人民币指数
2023-01-30,Market.CN,016566,嘉实中证电池主题ETF发起联接A,嘉实基金,田光远,2022-09-21,0.113,指数型-股票,中证电池主题指数收益率*95%+银行活期存款利率(税后)*5%,中证电池主题指数
2023-01-30,Market.CN,016567,嘉实中证电池主题ETF发起联接C,嘉实基金,田光远,2022-09-21,0.113,指数型-股票,中证电池主题指数收益率*95%+银行活期存款利率(税后)*5%,中证电池主题指数
2023-01-30,Market.CN,016572,招商中证银行AH价格优选ETF发起式联接A,招商基金,王平、刘重杰,2022-12-28,0.103,指数型-股票,中证银行AH价格优选指数(人民币)收益率*95%+中国人民银行人民币活期存款利率(税后)*5%,中证银行AH价格优选人民币指数
2023-01-30,Market.CN,016573,招商中证银行AH价格优选ETF发起式联接C,招商基金,王平、刘重杰,2022-12-28,0.103,指数型-股票,中证银行AH价格优选指数(人民币)收益率*95%+中国人民银行人民币活期存款利率(税后)*5%,中证银行AH价格优选人民币指数
2023-01-30,Market.CN,016581,嘉实上海金ETF发起联接A,嘉实基金,张钟玉,,--,商品（不含QDII）,上海黄金交易所上海金集中定价合约(合约代码:SHAU)的午盘基准价格收益率*95%+银行活期存款利率(税后)*5%,该基金无跟踪标的
2023-01-30,Market.CN,016582,嘉实上海金ETF发起联接C,嘉实基金,张钟玉,,--,商品（不含QDII）,上海黄金交易所上海金集中定价合约(合约代码:SHAU)的午盘基准价格收益率*95%+银行活期存款利率(税后)*5%,该基金无跟踪标的
2023-01-30,Market.CN,016630,易方达中证1000ETF联接A,易方达基金,刘树荣,2023-01-18,11.091,指数型-股票,中证1000指数收益率*95%+活期存款利率(税后)*5%,中证1000指数
2023-01-30,Market.CN,016631,易方达中证1000ETF联接C,易方达基金,刘树荣,2023-01-18,11.091,指数型-股票,中证1000指数收益率*95%+活期存款利率(税后)*5%,中证1000指数
2023-01-30,Market.CN,016633,富国中证1000ETF联接A,富国基金,金泽宇,2022-11-15,2.721,指数型-股票,中证1000指数收益率*95%+银行活期存款利率(税后)*5%,中证1000指数
2023-01-30,Market.CN,016634,富国中证1000ETF联接C,富国基金,金泽宇,2022-11-15,2.721,指数型-股票,中证1000指数收益率*95%+银行活期存款利率(税后)*5%,中证1000指数
2023-01-30,Market.CN,016707,华夏中证细分有色金属产业主题ETF发起联接A,华夏基金,赵宗庭,2022-10-18,0.136,指数型-股票,中证细分有色金属产业主题指数收益率*95%+人民币活期存款税后利率*5%,细分有色
2023-01-30,Market.CN,016708,华夏中证细分有色金属产业主题ETF发起联接C,华夏基金,赵宗庭,2022-10-18,0.136,指数型-股票,中证细分有色金属产业主题指数收益率*95%+人民币活期存款税后利率*5%,细分有色
2023-01-30,Market.CN,016788,万家国证2000ETF发起联接A,万家基金,杨坤,2022-10-11,0.102,指数型-股票,国证2000指数收益率*95%+银行活期存款利率(税后)*5%,国证2000指数
2023-01-30,Market.CN,016789,万家国证2000ETF发起联接C,万家基金,杨坤,2022-10-11,0.102,指数型-股票,国证2000指数收益率*95%+银行活期存款利率(税后)*5%,国证2000指数
2023-01-30,Market.CN,016836,国泰中证基建ETF发起联接A,国泰基金,苗梦羽,2022-10-12,0.100,指数型-股票,中证基建指数收益率*95%+银行活期存款利率(税后)*5%,中证基建指数
2023-01-30,Market.CN,016837,国泰中证基建ETF发起联接C,国泰基金,苗梦羽,2022-10-12,0.100,指数型-股票,中证基建指数收益率*95%+银行活期存款利率(税后)*5%,中证基建指数
2023-01-30,Market.CN,016891,鹏华中证中药ETF联接A,鹏华基金,张羽翔,2022-11-11,5.564,指数型-股票,中证中药指数收益率*95%+银行人民币活期存款利率(税后)*5%,中证中药指数
2023-01-30,Market.CN,016892,鹏华中证中药ETF联接C,鹏华基金,张羽翔,2022-11-11,5.564,指数型-股票,中证中药指数收益率*95%+银行人民币活期存款利率(税后)*5%,中证中药指数
2023-01-30,Market.CN,016938,南方中证长江保护主题ETF联接A,南方基金,龚涛,,--,指数型-股票,标的指数收益率*95%+银行人民币活期存款利率(税后)*5%,中证长江保护主题指数
2023-01-30,Market.CN,016939,南方中证长江保护主题ETF联接C,南方基金,龚涛,,--,指数型-股票,标的指数收益率*95%+银行人民币活期存款利率(税后)*5%,中证长江保护主题指数
2023-01-30,Market.CN,016970,华夏恒生香港上市生物科技ETF发起联接(QDII)A,华夏基金,赵宗庭,2022-11-22,0.218,QDII,经人民币汇率调整的标的指数收益率*95%+人民币活期存款税后利率*5%,恒生香港上市生物科技指数
2023-01-30,Market.CN,016971,华夏恒生香港上市生物科技ETF发起联接(QDII)C,华夏基金,赵宗庭,2022-11-22,0.218,QDII,经人民币汇率调整的标的指数收益率*95%+人民币活期存款税后利率*5%,恒生香港上市生物科技指数
2023-01-30,Market.CN,017028,国泰标普500ETF发起联接(QDII)A人民币,国泰基金,苗梦羽,2022-11-02,0.100,QDII,标普500指数收益率(经估值汇率调整)*95%+银行活期存款利率(税后)*5%,该基金无跟踪标的
2023-01-30,Market.CN,017030,国泰标普500ETF发起联接(QDII)C人民币,国泰基金,苗梦羽,2022-11-02,0.100,QDII,标普500指数收益率(经估值汇率调整)*95%+银行活期存款利率(税后)*5%,该基金无跟踪标的
2023-01-30,Market.CN,017056,嘉实国证绿色电力ETF发起联接A,嘉实基金,王紫菡,2022-11-04,0.126,指数型-股票,国证绿色电力指数收益率*95%+银行活期存款利率(税后)*5%,国证绿色电力指数
2023-01-30,Market.CN,017057,嘉实国证绿色电力ETF发起联接C,嘉实基金,王紫菡,2022-11-04,0.126,指数型-股票,国证绿色电力指数收益率*95%+银行活期存款利率(税后)*5%,国证绿色电力指数
2023-01-30,Market.CN,017116,浦银安盛中证光伏产业ETF联接A,浦银安盛基金,高钢杰,2023-01-04,2.215,指数型-股票,中证光伏产业指数收益率*95%+银行活期存款利率(税后)*5%,中证光伏产业指数
2023-01-30,Market.CN,017117,浦银安盛中证光伏产业ETF联接C,浦银安盛基金,高钢杰,2023-01-04,2.215,指数型-股票,中证光伏产业指数收益率*95%+银行活期存款利率(税后)*5%,中证光伏产业指数
2023-01-30,Market.CN,017125,华宝中证港股通互联网ETF发起联接A,华宝基金,周晶、丰晨成,2022-12-06,0.159,指数型-股票,中证港股通互联网指数收益率(经估值汇率调整后)*95%+人民币银行活期存款利率(税后)*5%,中证港股通互联网指数
2023-01-30,Market.CN,017126,华宝中证港股通互联网ETF发起联接C,华宝基金,周晶、丰晨成,2022-12-06,0.159,指数型-股票,中证港股通互联网指数收益率(经估值汇率调整后)*95%+人民币银行活期存款利率(税后)*5%,中证港股通互联网指数
2023-01-30,Market.CN,017140,华宝中证有色金属ETF发起式联接A,华宝基金,陈建华,2022-12-13,0.105,指数型-股票,中证有色金属指数收益率*95%+人民币银行活期存款利率(税后)*5%,中证有色金属指数
2023-01-30,Market.CN,017141,华宝中证有色金属ETF发起式联接C,华宝基金,陈建华,2022-12-13,0.105,指数型-股票,中证有色金属指数收益率*95%+人民币银行活期存款利率(税后)*5%,中证有色金属指数
2023-01-30,Market.CN,017185,国泰国证疫苗与生物科技ETF发起联接A,国泰基金,苗梦羽,2022-11-21,0.100,指数型-股票,国证疫苗与生物科技指数收益率*95%+银行活期存款利率(税后)*5%,国证疫苗与生物科技指数
2023-01-30,Market.CN,017186,国泰国证疫苗与生物科技ETF发起联接C,国泰基金,苗梦羽,2022-11-21,0.100,指数型-股票,国证疫苗与生物科技指数收益率*95%+银行活期存款利率(税后)*5%,国证疫苗与生物科技指数
2023-01-30,Market.CN,017222,富国中证电池主题ETF发起式联接A,富国基金,曹璐迪,2022-11-29,0.113,指数型-股票,中证电池主题指数收益率*95%+银行活期存款利率(税后)*5%,中证电池主题指数
2023-01-30,Market.CN,017223,富国中证电池主题ETF发起式联接C,富国基金,曹璐迪,2022-11-29,0.113,指数型-股票,中证电池主题指数收益率*95%+银行活期存款利率(税后)*5%,中证电池主题指数
2023-01-30,Market.CN,017226,富国中证全指家用电器ETF发起式联接A,富国基金,牛志冬,2022-12-06,0.102,指数型-股票,中证全指家用电器指数收益率*95%+银行活期存款利率(税后)*5%,中证全指家用电器指数
2023-01-30,Market.CN,017227,富国中证全指家用电器ETF发起式联接C,富国基金,牛志冬,2022-12-06,0.102,指数型-股票,中证全指家用电器指数收益率*95%+银行活期存款利率(税后)*5%,中证全指家用电器指数
2023-01-30,Market.CN,017469,嘉实上证科创板芯片ETF发起联接A,嘉实基金,田光远,2022-12-07,0.116,指数型-股票,上证科创板芯片指数收益率*95%+银行活期存款利率(税后)*5%,上证科创板芯片指数
2023-01-30,Market.CN,017470,嘉实上证科创板芯片ETF发起联接C,嘉实基金,田光远,2022-12-07,0.116,指数型-股票,上证科创板芯片指数收益率*95%+银行活期存款利率(税后)*5%,上证科创板芯片指数
2023-01-30,Market.CN,017471,国泰中证机床ETF发起联接A,国泰基金,苗梦羽,2022-12-13,0.100,指数型-股票,中证机床指数收益率*95%+银行活期存款利率(税后)*5%,中证机床指数
2023-01-30,Market.CN,017472,国泰中证机床ETF发起联接C,国泰基金,苗梦羽,2022-12-13,0.100,指数型-股票,中证机床指数收益率*95%+银行活期存款利率(税后)*5%,中证机床指数
2023-01-30,Market.CN,017481,博时中证全指电力ETF发起式联接A,博时基金,尹浩,2023-01-06,0.125,指数型-股票,中证全指电力公用事业指数收益率*95%+银行活期存款税后利率*5%,中证全指电力公用事业指数
2023-01-30,Market.CN,017482,博时中证全指电力ETF发起式联接C,博时基金,尹浩,2023-01-06,0.125,指数型-股票,中证全指电力公用事业指数收益率*95%+银行活期存款税后利率*5%,中证全指电力公用事业指数
2023-01-30,Market.CN,017557,华夏中证沪港深500ETF发起式联接A,华夏基金,徐猛,2022-12-28,0.112,指数型-股票,中证沪港深500指数收益率*95%+人民币活期存款税后利率*5%,中证沪港深500人民币指数
2023-01-30,Market.CN,017558,华夏中证沪港深500ETF发起式联接C,华夏基金,徐猛,2022-12-28,0.112,指数型-股票,中证沪港深500指数收益率*95%+人民币活期存款税后利率*5%,中证沪港深500人民币指数
2023-01-30,Market.CN,017559,华安上证科创板芯片ETF发起式联接A,华安基金,刘璇子,2022-12-27,0.103,指数型-股票,上证科创板芯片指数收益率*95%+商业银行税后活期存款利率*5%,上证科创板芯片指数
2023-01-30,Market.CN,017560,华安上证科创板芯片ETF发起式联接C,华安基金,刘璇子,2022-12-27,0.103,指数型-股票,上证科创板芯片指数收益率*95%+商业银行税后活期存款利率*5%,上证科创板芯片指数
2023-01-30,Market.CN,017571,华夏中证新能源ETF发起式联接A,华夏基金,李俊,2022-12-27,0.120,指数型-股票,中证新能源指数收益率*95%+人民币活期存款税后利率*5%,中证新能源指数
2023-01-30,Market.CN,017572,华夏中证新能源ETF发起式联接C,华夏基金,李俊,2022-12-27,0.120,指数型-股票,中证新能源指数收益率*95%+人民币活期存款税后利率*5%,中证新能源指数
2023-01-30,Market.CN,017632,汇添富中证全指医疗器械ETF发起式联接A,汇添富基金,董瑾,2022-12-29,0.103,指数型-股票,中证全指医疗器械指数收益率*95%+银行人民币活期存款利率(税后)*5%,中证全指医疗器械指数
2023-01-30,Market.CN,017633,汇添富中证全指医疗器械ETF发起式联接C,汇添富基金,董瑾,2022-12-29,0.103,指数型-股票,中证全指医疗器械指数收益率*95%+银行人民币活期存款利率(税后)*5%,中证全指医疗器械指数
2023-01-30,Market.CN,017634,汇添富中证全指医疗器械ETF发起式联接D,汇添富基金,董瑾,2022-12-29,0.103,指数型-股票,中证全指医疗器械指数收益率*95%+银行人民币活期存款利率(税后)*5%,中证全指医疗器械指数
2023-01-30,Market.CN,020021,国泰上证180金融ETF联接A,国泰基金,艾小军,2011-03-31,9.838,指数型-股票,上证180金融股指数收益率*95%+银行活期存款利率(税后)*5%,上证180金融股指数
2023-01-30,Market.CN,040046,华安纳斯达克100ETF联接(QDII)A,华安基金,倪斌,2013-08-02,2.730,QDII,纳斯达克100指数收益率(经汇率调整)*95%+人民币活期存款税后利率*5%,该基金无跟踪标的
2023-01-30,Market.CN,040047,华安纳斯达克100ETF联接(QDII)A美元现钞,华安基金,倪斌,2013-08-02,2.730,QDII,纳斯达克100指数收益率(经汇率调整)*95%+人民币活期存款税后利率*5%,该基金无跟踪标的
2023-01-30,Market.CN,040048,华安纳斯达克100ETF联接(QDII)A美元现汇,华安基金,倪斌,2013-08-02,2.730,QDII,纳斯达克100指数收益率(经汇率调整)*95%+人民币活期存款税后利率*5%,该基金无跟踪标的
2023-01-30,Market.CN,040180,华安上证180ETF联接A,华安基金,许之彦,2009-09-29,11.245,指数型-股票,95%×上证180指数收益率+5%×商业银行税后活期存款利率,上证180指数
2023-01-30,Market.CN,040190,华安上证龙头企业ETF联接A,华安基金,刘璇子,2010-11-18,17.459,指数型-股票,上证龙头企业指数收益率*95%+商业银行税后活期存款利率*5%,上证龙头
2023-01-30,Market.CN,050013,博时上证超大盘ETF联接,博时基金,尹浩、唐屹兵,2009-12-29,19.064,指数型-股票,上证超级大盘指数收益率X95%+银行活期存款税后利率X5%,上证超级大盘指数
2023-01-30,Market.CN,050021,博时创业板ETF联接A,博时基金,尹浩,2011-06-10,2.895,指数型-股票,创业板指数收益率×95%+银行活期存款税后利率×5%,创业板指数(价格)
2023-01-30,Market.CN,050024,博时上证自然资源ETF联接,博时基金,王祥,2012-04-10,3.095,指数型-股票,上证自然资源指数收益率×95%+银行活期存款税后利率×5%,上证资源
2023-01-30,Market.CN,050025,博时标普500ETF联接A,博时基金,万琼,2012-06-14,3.102,QDII,经人民币汇率调整的标的指数收益率*95%+人民币活期存款税后利率*5%,标准普尔500指数
2023-01-30,Market.CN,070030,嘉实中创400ETF联接A,嘉实基金,田光远,2012-03-22,3.784,指数型-股票,中创400指数收益率×95%+银行活期存款税后利率×5%,中小创业企业400指数
2023-01-30,Market.CN,070039,嘉实中证500ETF联接C,嘉实基金,何如、李直,2018-09-13,--,指数型-股票,中证500指数收益率*95% + 银行活期存款税后利率*5%,中证500指数
2023-01-30,Market.CN,090012,大成深证成长40ETF联接,大成基金,刘淼,2010-12-21,31.300,指数型-股票,深证成长40价格指数×95%+银行活期存款利率(税后)×5%,深证成长40指数
2023-01-30,Market.CN,110019,易方达深证100ETF联接A,易方达基金,成曦、刘树荣,2009-12-01,189.250,指数型-股票,深证100价格指数收益率×95%+活期存款利率(税后)×5%,深证100指数(价格)
2023-01-30,Market.CN,110020,易方达沪深300ETF联接A,易方达基金,余海燕、庞亚平,2009-08-26,167.463,指数型-股票,沪深300指数收益率×95%+活期存款利率(税后)×5%,沪深300指数
2023-01-30,Market.CN,110021,易方达上证中盘ETF联接A,易方达基金,刘树荣,2010-03-31,20.889,指数型-股票,上证中盘指数收益率X95%+活期存款利率(税后)X5%,上证中盘
2023-01-30,Market.CN,110026,易方达创业板ETF联接A,易方达基金,成曦、刘树荣,2011-09-20,3.775,指数型-股票,创业板指数收益率×95%+活期存款利率(税后)×5%,创业板指数(价格)
2023-01-30,Market.CN,110031,易方达恒生国企ETF联接A,易方达基金,余海燕、成曦,2012-08-21,32.218,QDII,恒生中国企业指数(使用估值汇率折算)收益率×95%+活期存款利率(税后)×5%,恒生中国企业指数
2023-01-30,Market.CN,110032,易方达恒生国企ETF联接现汇A,易方达基金,余海燕、成曦,2012-08-21,32.218,QDII,恒生中国企业指数(使用估值汇率折算)收益率×95%+活期存款利率(税后)×5%,恒生中国企业指数
2023-01-30,Market.CN,110033,易方达恒生国企ETF联接现钞A,易方达基金,余海燕、成曦,2012-08-21,32.218,QDII,恒生中国企业指数(使用估值汇率折算)收益率×95%+活期存款利率(税后)×5%,恒生中国企业指数
2023-01-30,Market.CN,159652,汇添富中证细分有色金属产业主题ETF,汇添富基金,董瑾、晏阳,2023-01-16,11.383,指数型-股票,标的指数收益率,细分有色
2023-01-30,Market.CN,159653,国联安国证ESG300ETF,国联安基金,黄欣、章椹元,,--,指数型-股票,标的指数收益率,国证ESG300指数
2023-01-30,Market.CN,159657,鹏华国证疫苗与生物科技ETF,鹏华基金,陈龙,,--,指数型-股票,国证疫苗与生物科技指数收益率,国证疫苗与生物科技指数
2023-01-30,Market.CN,159660,汇添富纳斯达克100ETF,汇添富基金,过蓓蓓,,--,QDII,经人民币汇率调整的纳斯达克100指数收益率,该基金无跟踪标的
2023-01-30,Market.CN,159666,华夏中证全指运输ETF,华夏基金,华龙,2023-01-13,9.098,指数型-股票,中证全指运输指数收益率,中证全指运输指数
2023-01-30,Market.CN,159671,工银瑞信中证稀有金属主题ETF,工银瑞信基金,史宝珖,,--,指数型-股票,中证稀有金属主题指数收益率,中证稀有金属主题指数
2023-01-30,Market.CN,159678,博时中证500增强策略ETF,博时基金,刘钊,,--,指数型-股票,标的指数收益率,中证500指数
2023-01-30,Market.CN,159688,华安恒生互联网科技业ETF(QDII),华安基金,倪斌,2023-01-17,6.838,QDII,恒生互联网科技业指数收益率(经汇率调整),恒生互联网科技业指数
2023-01-30,Market.CN,159978,建信中证沪港深粤港澳大湾区发展主题ETF,建信基金,龚佳佳,2020-03-06,8.669,指数型-股票,中证沪港深粤港澳大湾区发展主题指数,中证沪港深粤港澳大湾区发展主题人民币指数
2023-01-30,Market.CN,159979,广发粤港澳大湾区创新100ETF,广发基金,叶帅,2019-12-16,2.449,指数型-股票,粤港澳大湾区创新100指数,中华交易服务半导体芯片行业人民币全收益指数
2023-01-30,Market.CN,160224,国泰中证计算机主题ETF联接A,国泰基金,艾小军,2015-03-26,10.566,指数型-股票,中证计算机主题指数收益率*95%+银行活期存款利率(税后)*5%,中证计算机主题指数
2023-01-30,Market.CN,160422,华安创业板50ETF联接A,华安基金,许之彦,2017-04-11,3.095,指数型-股票,95%×创业板50指数收益率+5%×商业银行税后活期存款利率,创业板50指数
2023-01-30,Market.CN,160424,华安创业板50ETF联接C,华安基金,许之彦,2019-05-21,--,指数型-股票,95%×创业板50指数收益率+5%×商业银行税后活期存款利率,创业板50指数
2023-01-30,Market.CN,160724,嘉实沪深300ETF联接C,嘉实基金,何如、刘珈吟,2018-08-08,--,指数型-股票,95%×沪深300指数增长率 + 5%×银行活期存款税后利率,沪深300指数
2023-01-30,Market.CN,164809,工银中证500ETF联接A,工银瑞信基金,赵栩,2012-01-31,3.413,指数型-股票,中证500指数收益率×95%+银行人民币活期存款利率(税后)×5%,中证500指数
2023-01-30,Market.CN,217017,招商上证消费80ETF联接A,招商基金,许荣漫,2010-12-08,24.025,指数型-股票,上证消费80指数收益率×95%+商业银行活期存款利率(税后)×5%,消费80
2023-01-30,Market.CN,217019,招商深证TMT50ETF联接A,招商基金,苏燕青、刘重杰,2011-06-27,6.057,指数型-股票,深证TMT50指数收益率×95%+商业银行活期存款利率(税后)×5%,深证电子信息传媒产业50指数
2023-01-30,Market.CN,240019,华宝中证银行ETF联接A,华宝基金,胡洁,2011-08-09,6.367,指数型-股票,中证银行指数收益率×95%+银行活期存款利率(税后)×5%,中证银行指数
2023-01-30,Market.CN,257060,国联安上证商品ETF联接A,国联安基金,黄欣,2010-12-01,12.942,指数型-股票,上证大宗商品股票指数收益率*95%+银行活期存款利率(税后)*5%,上证商品
2023-01-30,Market.CN,270042,广发纳指100ETF联接人民币(QDII)A,广发基金,刘杰,2012-08-15,2.547,QDII,人民币计价的纳斯达克100总收益指数收益率,该基金无跟踪标的
2023-01-30,Market.CN,460300,华泰柏瑞沪深300ETF联接A,华泰柏瑞基金,柳军,2012-05-29,3.670,指数型-股票,沪深300指数×95%+银行活期存款税后收益率×5%,沪深300指数
2023-01-30,Market.CN,470068,汇添富深证300ETF联接,汇添富基金,赖中立、过蓓蓓,2011-09-28,3.360,指数型-股票,深证300指数收益率*95%+银行活期存款利率(税后)*5%,深证300价格
2023-01-30,Market.CN,481012,工银深证红利ETF联接A,工银瑞信基金,赵栩,2010-11-09,26.178,指数型-股票,深证红利价格指数收益率×95%+银行活期存款税后收益率×5%,深证红利指数
2023-01-30,Market.CN,513560,兴银中证港股通科技ETF,兴银基金,李哲通、刘帆,,--,指数型-股票,中证港股通科技指数收益率,中证港股通科技港币指数
2023-01-30,Market.CN,513650,南方标普500ETF(QDII),南方基金,李佳亮,,--,QDII,经汇率调整后的标的指数收益率,标准普尔500指数
2023-01-30,Market.CN,519027,海富通上证周期ETF联接,海富通基金,陈林海,2010-09-28,7.326,指数型-股票,上证周期行业50指数收益率×95%+活期存款利率(税后)×5%,上证周期
2023-01-30,Market.CN,519032,海富通上证非周期ETF联接,海富通基金,江勇,2011-04-27,3.808,指数型-股票,上证非周期行业100指数收益率×95%+活期存款利率(税后)×5%,非周期
2023-01-30,Market.CN,530010,建信上证社会责任ETF联接,建信基金,薛玲,2010-05-28,23.965,指数型-股票,95%×上证社会责任指数收益率+5%×商业银行税后活期存款利率,责任指数
2023-01-30,Market.CN,530015,建信深证基本面60ETF联接A,建信基金,薛玲,2011-09-08,9.282,指数型-股票,95%×深证基本面60指数收益率+5%×商业银行活期存款利率,深证基本面60指数
2023-01-30,Market.CN,560860,万家中证工业有色金属主题ETF,万家基金,杨坤,,--,指数型-股票,标的指数收益率,中证工业有色金属主题指数
2023-01-30,Market.CN,563030,易方达中证500增强策略ETF,易方达基金,官泽帆、张湛,,--,指数型-股票,标的指数收益率,中证500指数
